id,name,country_or_region,url,model,year_founded,beneficiaries_estimate,revenue_annual_usd_estimate,funding_sources,digital_signals,innovations,notes
0001,Compassion International,USA,https://www.compassion.com,sponsorship,1952,2M,USD 1B+,individuals;foundations;corporate;events;merchandise,online-donation;recurring-giving;sponsor-portal;annual-report;charity-rating;multiling-site;email-newsletter,sponsor letter portal + photo quarterly,largest sponsorship model globally; 8 child development centers
0002,SOS Children's Villages International,Global,https://www.sos-childrensvillages.org,residential care,1949,130k,USD 1B+,individuals;foundations;corporate;government;multilateral;earned-income,online-donation;recurring-giving;sponsor-portal;annual-report;charity-rating;multiling-site;email-newsletter,village model of family-like residential care; alumni network,operates in 136 countries; founded by Hermann Gmeiner in Austria
0003,SOS Children's Villages Paraguay,Paraguay,https://www.sos-childrensvillages.org/paraguay,residential care,1970,1.5k,unknown,individuals;foundations;corporate;government;sponsorships,online-donation;recurring-giving;sponsor-portal;annual-report;multiling-site,village model of family-like residential care,3 villages in Paraguay; member of SOS-I federation
0004,Plan International,Global,https://www.plan-international.org,sponsorship,1937,1M,USD 1B+,individuals;foundations;corporate;government;multilateral;sponsorships,online-donation;recurring-giving;sponsor-portal;annual-report;charity-rating;multiling-site;mobile-app;email-newsletter,child sponsorship + girls rights movement,founded in 1937 by John Langdon-Davies; HQ Woking UK
0005,Save the Children,Global,https://www.savethechildren.org,mixed,1919,200M,USD 1B+,individuals;foundations;corporate;government;multilateral;earned-income;merchandise,online-donation;recurring-giving;sponsor-portal;annual-report;charity-rating;multiling-site;mobile-app;email-newsletter;tiktok,pioneered child sponsorship in 1930s; massive advocacy,founded by Eglantyne Jebb; HQ Connecticut USA
0006,UNICEF,Global,https://www.unicef.org,rights,1946,1B,USD 7B+,government;multilateral;individuals;foundations;corporate;earned-income;merchandise,online-donation;recurring-giving;sponsor-portal;annual-report;charity-rating;multiling-site;mobile-app;email-newsletter;tiktok,national committees; UNICEF Innovation Fund,UN agency; HQ New York
0007,World Vision International,Global,https://www.worldvision.org,sponsorship,1950,3.5M,USD 1B+,individuals;foundations;corporate;government;earned-income,online-donation;recurring-giving;sponsor-portal;annual-report;charity-rating;multiling-site;mobile-app;email-newsletter,child sponsorship + area development programs,largest Christian humanitarian NGO; HQ London
0008,ChildFund International,USA,https://www.childfund.org,sponsorship,1938,1M,USD 200M,individuals;foundations;corporate,online-donation;recurring-giving;sponsor-portal;annual-report;charity-rating;multiling-site;email-newsletter,sponsor letter portal + youth civic engagement,founded as China Childrens Fund 1938
0009,Children International,USA,https://www.children.org,sponsorship,1964,300k,USD 100M,individuals;foundations;corporate;events,online-donation;recurring-giving;sponsor-portal;annual-report;charity-rating;multiling-site;email-newsletter,sponsor portal + youth leadership program,HQ Kansas City
0010,Big Brothers Big Sisters of America,USA,https://www.bbbs.org,mentorship,1904,200k,USD 300M,individuals;foundations;corporate;events,online-donation;recurring-giving;annual-report;charity-rating;multiling-site;mobile-app;email-newsletter,1:1 youth mentoring matching platform,founded 1904 NYC; merged BBBSA and BBBSCA 2017
0011,Boys & Girls Clubs of America,USA,https://www.bgca.org,education,1860,4M,USD 1B+,individuals;foundations;corporate;government;events;merchandise,online-donation;recurring-giving;annual-report;charity-rating;multiling-site;mobile-app;email-newsletter,club membership model; afterschool programs,founded 1860; 4700+ club locations in US
0012,Make-A-Wish Foundation,USA,https://www.wish.org,rights,1980,300k,USD 500M,individuals;foundations;corporate;events;merchandise,online-donation;recurring-giving;annual-report;charity-rating;multiling-site;mobile-app;email-newsletter;tiktok,wish-granting model; localized chapters,founded 1980; granted 500k+ wishes
0013,March of Dimes,USA,https://www.marchofdimes.org,health,1938,10M,USD 200M,individuals;foundations;corporate;events,online-donation;recurring-giving;annual-report;charity-rating;multiling-site;email-newsletter,March for Babies walkathon + research grants,founded by FDR to fight polio; pivoted to maternal/infant health
0014,Ronald McDonald House Charities,Global,https://www.rmhc.org,health,1974,1M,USD 500M,individuals;foundations;corporate;events,online-donation;recurring-giving;annual-report;charity-rating;multiling-site;mobile-app;email-newsletter,house-near-hospital lodging model; McDonalds tie-in,founded Philadelphia 1974; 380+ houses in 60+ countries
0015,St. Jude Children's Research Hospital,USA,https://www.stjude.org,health,1962,8k,USD 1B+,individuals;foundations;corporate;events;earned-income,online-donation;recurring-giving;annual-report;charity-rating;mobile-app;email-newsletter;tiktok,no-cost pediatric cancer treatment + ALSAC fundraising,founded Danny Thomas 1962 Memphis; ALSAC raises funds
0016,KIND (Kids In Need of Defense),USA,https://www.supportkind.org,rights,2008,15k,USD 50M,foundations;individuals;corporate;government,online-donation;recurring-giving;annual-report;charity-rating;multiling-site;email-newsletter,pro bono legal representation for migrant children,co-founded by Angelina Jolie + Microsoft; HQ Washington DC
0017,Together for Girls,Global,https://www.togetherforgirls.org,rights,2002,unknown,USD 20M,foundations;government;multilateral;corporate,online-donation;annual-report;charity-rating;multiling-site;email-newsletter,Violence Against Children Surveys + partnerships,public-private partnership; UN+US Govt+private foundations
0018,Girls Inc.,USA,https://girlsinc.org,education,1944,130k,USD 100M,individuals;foundations;corporate;events,online-donation;recurring-giving;annual-report;charity-rating;multiling-site;email-newsletter,girls-only programming model,founded 1944; merged with Girls Incorporated 1990
0019,Girl Scouts of the USA,USA,https://www.girlscouts.org,education,1912,2.5M,USD 800M,individuals;foundations;corporate;earned-income,online-donation;recurring-giving;annual-report;charity-rating;multiling-site;mobile-app;email-newsletter;tiktok,cookie sales as entrepreneurship training,founded 1912 by Juliette Gordon Low; cookie sales pioneer
0020,Boy Scouts of America (Scouting America),USA,https://www.scouting.org,education,1910,1M,USD 300M,individuals;foundations;corporate;earned-income;events,online-donation;recurring-giving;annual-report;charity-rating;mobile-app;email-newsletter,rank advancement + popcorn sales,renamed Scouting America 2024 after bankruptcy reorganization
0021,4-H,USA,https://4-h.org,education,1902,6M,USD 60M,foundations;government;corporate;individuals,online-donation;recurring-giving;annual-report;charity-rating;multiling-site;email-newsletter,youth development via head-heart-hands-health,USDA-affiliated cooperative extension network
0022,National CASA/GAL Association,USA,https://nationalcasagal.org,rights,1977,300k,USD 100M,individuals;foundations;corporate;government,online-donation;recurring-giving;annual-report;charity-rating;multiling-site;email-newsletter,court-appointed volunteer advocates for foster kids,founded 1977; 950+ local programs
0023,FosterClub,USA,https://www.fosterclub.com,foster,1981,100k,USD 5M,foundations;individuals;corporate;government,online-donation;recurring-giving;annual-report;email-newsletter,youth-led foster advocacy organization,founded by foster youth; HQ Portland OR
0024,Baby2Baby,USA,https://baby2baby.org,emergency,2011,1M,USD 200M,individuals;foundations;corporate;events,online-donation;recurring-giving;annual-report;charity-rating;mobile-app;email-newsletter;tiktok,diaper/clothing distribution to low-income kids,co-founded Kelly Sawyer Patricof + Norah Weinstein 2011 LA
0025,Parents Action for Children,USA,https://www.parentsaction.org,education,1981,unknown,USD 5M,foundations;corporate;individuals,online-donation;recurring-giving;annual-report;multiling-site;email-newsletter,parent-led advocacy + media campaigns,formerly I Am Your Child Foundation; founded Rob Reiner
0026,Stand for Children,USA,https://stand.org,rights,1999,unknown,USD 50M,foundations;individuals;corporate,online-donation;recurring-giving;annual-report;email-newsletter,education advocacy + parent organizing,founded 1999 by Jonah Edelman; HQ Portland
0027,Childhelp,USA,https://childhelp.org,rights,1959,unknown,USD 30M,individuals;foundations;corporate;events,online-donation;recurring-giving;annual-report;charity-rating;multiling-site;email-newsletter,child abuse hotline + prevention programs,founded 1959 by Sara O'Meara + Yvonne Fedderson
0028,Covenant House,USA,https://www.covenanthouse.org,residential care,1968,80k,USD 200M,individuals;foundations;corporate;government;earned-income,online-donation;recurring-giving;annual-report;charity-rating;multiling-site;mobile-app;email-newsletter,shelter for homeless youth; rights-based model,founded by Father Bruce Ritter 1968 NYC; 30+ sites
0029,Boys Town,USA,https://www.boystown.org,residential care,1917,300k,USD 500M,individuals;foundations;corporate;government;earned-income,online-donation;recurring-giving;annual-report;charity-rating;multiling-site;mobile-app;email-newsletter,long-term residential care + parent training,founded Father Edward Flanagan 1917 Nebraska
0030,Hole in the Wall Gang Camp,USA,https://www.holeinthewallgang.org,health,1988,20k,USD 30M,individuals;foundations;corporate;events,online-donation;recurring-giving;annual-report;charity-rating;email-newsletter,free camps for seriously ill children,founded by Paul Newman 1988 Connecticut
0031,SeriousFun Children's Network,Global,https://www.seriousfunnetwork.org,health,1988,300k,USD 200M,foundations;individuals;corporate,online-donation;recurring-giving;annual-report;charity-rating;multiling-site;email-newsletter,global network of camps for kids with serious illnesses,founded Paul Newman; 30+ camps worldwide
0032,National Children's Alliance,USA,https://www.nationalchildrensalliance.org,rights,1984,300k,USD 30M,foundations;government;individuals,online-donation;annual-report;charity-rating;email-newsletter,accrediting body for Childrens Advocacy Centers,founded 1984; HQ Washington DC
0033,Prevent Child Abuse America,USA,https://preventchildabuse.org,prevention,1972,1M,USD 30M,foundations;individuals;corporate;government,online-donation;recurring-giving;annual-report;charity-rating;multiling-site;email-newsletter,pinwheel prevention symbol + Healthy Families America,founded 1972 as NCPCA; HQ Chicago
0034,Nurse-Family Partnership,USA,https://www.nursefamilypartnership.org,prevention,1996,300k,USD 150M,foundations;government;individuals,online-donation;recurring-giving;annual-report;charity-rating;multiling-site;email-newsletter,nurse home visiting for low-income first-time moms,founded David Olds 1996; HQ Denver
0035,Parents as Teachers,USA,https://parentsasteachers.org,education,1981,500k,USD 80M,foundations;government;corporate,online-donation;annual-report;charity-rating;multiling-site;email-newsletter,parent educator home visit model,founded 1981 in Missouri; 50-state network
0036,Reach Out and Read,USA,https://reachoutandread.org,education,1989,4M,USD 100M,foundations;corporate;government;individuals,online-donation;recurring-giving;annual-report;charity-rating;multiling-site;email-newsletter,book distribution at pediatric visits,founded 1989 at Boston Medical Center
0037,Teach For America,USA,https://www.teachforamerica.org,education,1990,60k,USD 300M,individuals;foundations;corporate,online-donation;recurring-giving;annual-report;charity-rating;multiling-site;email-newsletter;tiktok,2-year teaching corps model,founded Wendy Kopp 1990; HQ NYC
0038,City Year,USA,https://www.cityyear.org,education,1988,3M,USD 200M,individuals;foundations;corporate;government,online-donation;recurring-giving;annual-report;charity-rating;multiling-site;email-newsletter,AmeriCorps youth service corps in schools,founded 1988; co-founded by Michael Brown + Alan Khazei
0039,Reading Is Fundamental,USA,https://www.rif.org,education,1966,15M,USD 50M,foundations;corporate;government;individuals,online-donation;recurring-giving;annual-report;charity-rating;email-newsletter,largest childrens literacy nonprofit,founded 1966 by Margaret McNamara
0040,Raising A Reader,USA,https://www.raisingareader.org,education,1999,200k,USD 20M,foundations;corporate;government,online-donation;recurring-giving;annual-report;email-newsletter,rotating book bag model for families,founded 1999; HQ Redwood City CA
0041,KaBOOM!,USA,https://www.kaboom.org,mixed,1996,unknown,USD 30M,foundations;corporate;individuals,online-donation;recurring-giving;annual-report;charity-rating;multiling-site;email-newsletter,community-built playgrounds model,founded 1996 by Darell Hammond; HQ DC
0042,First Book,USA,https://firstbook.org,education,1992,5M,USD 200M,foundations;corporate;individuals;earned-income,online-donation;recurring-giving;annual-report;email-newsletter,affordable books marketplace for low-income kids,founded 1992; HQ Washington DC
0043,Room to Read,Global,https://roomtoread.org,education,2000,23M,USD 100M,individuals;foundations;corporate,online-donation;recurring-giving;annual-report;charity-rating;multiling-site;mobile-app;email-newsletter,literacy + gender equality school programs,founded 2000 by John Wood; HQ San Francisco
0044,Concern Worldwide US,USA,https://concernusa.org,emergency,1968,30M,USD 100M,government;multilateral;individuals,online-donation;recurring-giving;annual-report;charity-rating;multiling-site;email-newsletter,rapid response humanitarian model,founded 1968 Ireland
0045,Mercy Corps,Global,https://www.mercycorps.org,emergency,1979,40M,USD 600M,government;multilateral;individuals;foundations;corporate,online-donation;recurring-giving;annual-report;charity-rating;multiling-site;mobile-app;email-newsletter,community-led humanitarian response,founded 1979 Dan O'Neill; HQ Portland OR
0046,Oxfam America,USA,https://www.oxfamamerica.org,rights,1970,unknown,USD 100M,individuals;foundations;corporate;events;merchandise,online-donation;recurring-giving;annual-report;charity-rating;multiling-site;email-newsletter,global advocacy + emergency response,part of Oxfam confederation; HQ Boston
0047,CARE USA,USA,https://www.care.org,emergency,1945,100M,USD 700M,government;individuals;foundations;corporate,online-donation;recurring-giving;annual-report;charity-rating;multiling-site;mobile-app;email-newsletter,humanitarian + womens empowerment focus,founded 1945 to send CARE packages post-WWII
0048,Direct Relief,USA,https://www.directrelief.org,health,1948,100M,USD 2B+,foundations;corporate;donations-in-kind;individuals,online-donation;annual-report;charity-rating;multiling-site;email-newsletter,medical supply donations-in-kind model,founded 1948; HQ Santa Barbara
0049,International Medical Corps,Global,https://internationalmedicalcorps.org,emergency,1984,40M,USD 500M,government;multilateral;foundations;corporate,online-donation;recurring-giving;annual-report;charity-rating;multiling-site;email-newsletter,rapid deployment medical emergency teams,founded 1984 by Bob Simon + Abbe Somerson
0050,Good+Foundation,USA,https://goodplusfoundation.org,emergency,2001,5M,USD 30M,individuals;foundations;corporate;donations-in-kind,online-donation;recurring-giving;annual-report;email-newsletter,donations-in-kind baby goods model,founded 2001 by Jessica Seinfeld
0051,Harlem Children's Zone,USA,https://hcz.org,mixed,1972,40k,USD 100M,foundations;government;individuals;corporate,online-donation;recurring-giving;annual-report;charity-rating;email-newsletter,place-based cradle-to-career pipeline model,founded 1972 by Geoff Canada; 97-block zone
0052,StriveTogether,USA,https://strivetogether.org,education,2004,unknown,USD 10M,foundations;corporate,online-donation;annual-report;email-newsletter,community cradle-to-career collective impact,formerly Strive; HQ Cincinnati
0053,United Way Worldwide,Global,https://www.unitedway.org,emergency,1887,50M,USD 5B+,individuals;foundations;corporate;events,online-donation;recurring-giving;annual-report;charity-rating;multiling-site;mobile-app;email-newsletter,workplace giving model + federated fundraising,founded 1887; HQ Washington DC
0054,Goodwill Industries International,USA,https://www.goodwill.org,education,1902,20M,USD 6B+,earned-income;individuals;government;corporate,online-donation;recurring-giving;annual-report;charity-rating;multiling-site;mobile-app;email-newsletter,thrift store social enterprise model,founded 1902 Boston
0055,Habitat for Humanity International,Global,https://www.habitat.org,mixed,1976,100M,USD 2B+,individuals;foundations;corporate;government;earned-income;events,online-donation;recurring-giving;annual-report;charity-rating;multiling-site;mobile-app;email-newsletter,sweat equity housing model; ReStore thrift stores,founded 1976 by Millard Fuller
0056,Junior Achievement USA,USA,https://www.ja.org,education,1919,5M,USD 200M,foundations;corporate;individuals,online-donation;recurring-giving;annual-report;charity-rating;multiling-site;email-newsletter,in-school K-12 financial literacy,founded 1919; HQ Colorado Springs
0057,FIRST (For Inspiration and Recognition of Science and Technology),USA,https://www.firstinspires.org,education,1989,800k,USD 100M,foundations;corporate;government,online-donation;annual-report;charity-rating;multiling-site;email-newsletter,robotics competition for K-12,founded 1989 by Dean Kamen + Woodie Flowers
0058,Code.org,USA,https://code.org,education,2013,unknown,USD 50M,foundations;corporate;individuals,online-donation;annual-report;charity-rating;email-newsletter,hour of code mass mobilization,founded 2013 by Hadi Partovi
0059,Khan Academy,USA,https://www.khanacademy.org,education,2008,100M,USD 80M,foundations;corporate;individuals,online-donation;annual-report;charity-rating;multiling-site;email-newsletter,free online learning platform,founded 2008 by Salman Khan
0060,National PTA,USA,https://www.pta.org,mixed,1897,unknown,USD 50M,individuals;foundations;corporate;events,online-donation;recurring-giving;annual-report;charity-rating;multiling-site;mobile-app;email-newsletter,parent advocacy + policy lobbying,founded 1897
0061,Moms Demand Action,USA,https://momsdemandaction.org,rights,2012,unknown,USD 50M,individuals;foundations,online-donation;recurring-giving;annual-report;email-newsletter,grassroots gun violence prevention,founded 2012 by Shannon Watts
0062,National Urban League,USA,https://nul.iamempowered.com,mixed,1910,3M,USD 200M,individuals;foundations;corporate;government,online-donation;recurring-giving;annual-report;charity-rating;multiling-site;email-newsletter,youth education + workforce programs,founded 1910; HQ NYC
0063,Children's Defense Fund,USA,https://www.childrensdefense.org,rights,1973,50M,USD 30M,foundations;individuals;corporate,online-donation;recurring-giving;annual-report;charity-rating;email-newsletter,child advocacy + cradle to prison pipeline,founded 1973 by Marian Wright Edelman
0064,National Foster Youth Institute,USA,https://nfyi.org,foster,2012,unknown,USD 5M,foundations;government;individuals,online-donation;recurring-giving;annual-report;email-newsletter,transition-aged youth foster advocacy,founded 2012; HQ Whittier CA
0065,National Youth Advocate Program,USA,https://www.nyap.org,mixed,1981,unknown,USD 50M,government;foundations;individuals,online-donation;annual-report;charity-rating,child welfare + juvenile justice programs,founded 1981; HQ Columbus OH
0066,YMCA of the USA,USA,https://www.ymca.org,mixed,1844,10M,USD 6B+,individuals;foundations;corporate;government;earned-income,online-donation;recurring-giving;annual-report;charity-rating;multiling-site;mobile-app;email-newsletter,youth development + swim programs,founded 1844 London; HQ Chicago
0067,YWCA USA,USA,https://www.ywca.org,mixed,1858,2M,USD 300M,individuals;foundations;corporate;government,online-donation;annual-report;charity-rating;multiling-site;email-newsletter,womens empowerment + anti-violence,founded 1858 London; HQ Washington DC
0068,Catholic Charities USA,USA,https://www.catholiccharitiesusa.org,mixed,1910,10M,USD 4B+,individuals;foundations;government;earned-income;donations-in-kind,online-donation;recurring-giving;annual-report;charity-rating;multiling-site;email-newsletter,foster care + refugee resettlement,federated; 167+ agencies
0069,Salvation Army USA,USA,https://www.salvationarmy.org,mixed,1865,unknown,USD 4B+,individuals;foundations;government;corporate;earned-income;merchandise,online-donation;recurring-giving;annual-report;charity-rating;multiling-site;mobile-app;email-newsletter,thrift stores + disaster relief + youth programs,founded 1865 London
0070,Jewish Child & Family Services,USA,https://www.jcfs.org,mixed,1869,30k,USD 50M,individuals;foundations;government;corporate,online-donation;recurring-giving;annual-report;charity-rating;email-newsletter,adoption + family counseling,founded 1869 Chicago
0071,Child Advocates,USA,https://childadvocates.org,rights,1985,20k,USD 5M,foundations;individuals;government,online-donation;recurring-giving;annual-report;email-newsletter,CASA programs for abused children,founded 1985 Houston
0072,Hope for Haiti Children,Haiti,https://hopeforhaitichildren.org,mixed,1989,3k,USD 8M,individuals;foundations;corporate,online-donation;recurring-giving;sponsor-portal;annual-report;email-newsletter,Port-au-Prince care center model,founded by Donna and Eric Hansen
0073,Haiti Children Home,Haiti,https://www.haitianchildrenshome.org,residential care,2003,100,USD 1M,individuals;foundations;church groups,online-donation;recurring-giving;email-newsletter,small family-style home for orphans,founded 2003
0074,NPH (Nuestros Pequeños Hermanos),Latin America,https://www.nph-usa.org,residential care,1954,70k,USD 200M,individuals;foundations;corporate,online-donation;recurring-giving;sponsor-portal;annual-report;charity-rating;multiling-site;email-newsletter,orphan villages across 9 Latin American countries,founded 1954 Mexico by Father William Wasson
0075,Aldeas Infantiles SOS Argentina,Argentina,https://www.aldeasinfantiles.org.ar,residential care,1965,2k,unknown,individuals;corporate;government;sponsorships;events,online-donation;recurring-giving;sponsor-portal;annual-report;multiling-site,village model of family-like residential care,sister org of SOS Children's Villages International
0076,Aldeas Infantiles SOS Colombia,Colombia,https://www.aldeasinfantiles.org.co,residential care,1971,3k,unknown,individuals;corporate;government;sponsorships;events,online-donation;recurring-giving;sponsor-portal;annual-report;multiling-site,village model of family-like residential care,sister org of SOS Children's Villages International
0077,Aldeas Infantiles SOS Mexico,Mexico,https://www.aldeasinfantiles.org.mx,residential care,1955,4k,unknown,individuals;corporate;government;sponsorships;events,online-donation;recurring-giving;sponsor-portal;annual-report;multiling-site,village model of family-like residential care,oldest SOS in Latin America
0078,Aldeas Infantiles SOS Chile,Chile,https://www.aldeasinfantiles.cl,residential care,1968,1.5k,unknown,individuals;corporate;government;sponsorships;events,online-donation;recurring-giving;sponsor-portal;annual-report,village model of family-like residential care,sister org of SOS Children's Villages International
0079,Aldeas Infantiles SOS Peru,Peru,https://www.aldeasinfantiles.pe,residential care,1975,2k,unknown,individuals;corporate;government;sponsorships;events,online-donation;recurring-giving;sponsor-portal;annual-report,village model of family-like residential care,sister org of SOS Children's Villages International
0080,Aldeas Infantiles SOS Brasil,Brazil,https://www.aldeiasinfantis.org.br,residential care,1967,3k,unknown,individuals;corporate;government;sponsorships;events,online-donation;recurring-giving;sponsor-portal;annual-report,village model of family-like residential care,sister org of SOS Children's Villages International
0081,Aldeas Infantiles SOS Uruguay,Uruguay,https://www.aldeasinfantiles.org.uy,residential care,1977,500,unknown,individuals;corporate;government;sponsorships;events,online-donation;recurring-giving;sponsor-portal;annual-report,village model of family-like residential care,sister org of SOS Children's Villages International
0082,Fundación Cimientos,Argentina,https://www.cimientos.org,education,2002,10k,USD 20M,individuals;foundations;corporate;government;multilateral,online-donation;recurring-giving;annual-report;email-newsletter,scholarship + university transition program,founded 2002 Argentina
0083,Fundación Pelota de Trapo,Paraguay,https://www.pelotadetrapo.org.py,mixed,1998,2k,USD 500k,individuals;foundations;corporate,online-donation;recurring-giving;annual-report;email-newsletter,street children reintegration via football,founded 1998 by Aldo Salomon
0084,Fundación Paraguay,Paraguay,https://www.fundacionparaguaya.org,mixed,1960,50k,USD 10M,foundations;corporate;government;multilateral;individuals,online-donation;recurring-giving;annual-report;multiling-site,entrepreneurship + family farming schools,founded 1960 by Don Carter
0085,Fundación Itaú Paraguay,Paraguay,https://www.itau.com.py,education,1978,unknown,USD 10M,corporate;individuals,online-donation;recurring-giving;annual-report;multiling-site,education + cultural programs,sister to Itau Foundation LatAm
0086,Hogar Bambi Argentina,Argentina,https://www.hogarbambi.org.ar,residential care,1935,150,unknown,individuals;foundations;corporate;events,online-donation;recurring-giving;annual-report;email-newsletter,small-group home for at-risk children,founded 1935 by Mauricio Funes
0087,Casa Hogar Esperanza,Paraguay,https://www.casahogar.org.py,residential care,1962,100,unknown,individuals;foundations;events,online-donation;recurring-giving;email-newsletter,orphanage in Asuncion,founded 1962
0088,TECHO Paraguay,Paraguay,https://www.techo.org/paises/paraguay,mixed,2008,5k,USD 2M,individuals;foundations;corporate;multilateral,online-donation;recurring-giving;annual-report;multiling-site,youth-built emergency housing,TECHO HQ Chile 1997
0089,Aldeas Infantiles SOS Bolivia,Bolivia,https://www.aldeasinfantiles.org.bo,residential care,1973,1k,unknown,individuals;corporate;government;sponsorships;events,online-donation;recurring-giving;sponsor-portal;annual-report,village model of family-like residential care,sister org of SOS Children's Villages International
0090,Aldeas Infantiles SOS Ecuador,Ecuador,https://www.aldeasinfantiles.org.ec,residential care,1971,1k,unknown,individuals;corporate;government;sponsorships;events,online-donation;recurring-giving;sponsor-portal;annual-report,village model of family-like residential care,sister org of SOS Children's Villages International
0091,Aldeas Infantiles SOS Venezuela,Venezuela,https://www.aldeasinfantiles.org.ve,residential care,1974,1k,unknown,individuals;corporate;government;sponsorships;events,online-donation;recurring-giving;sponsor-portal;annual-report,village model of family-like residential care,sister org of SOS Children's Villages International
0092,Aldeas Infantiles SOS Costa Rica,Costa Rica,https://www.aldeasinfantiles.org.cr,residential care,1970,500,unknown,individuals;corporate;government;sponsorships;events,online-donation;recurring-giving;sponsor-portal;annual-report,village model of family-like residential care,sister org of SOS Children's Villages International
0093,Aldeas Infantiles SOS Guatemala,Guatemala,https://www.aldeasinfantiles.org.gt,residential care,1975,1k,unknown,individuals;corporate;government;sponsorships;events,online-donation;recurring-giving;sponsor-portal;annual-report,village model of family-like residential care,sister org of SOS Children's Villages International
0094,Aldeas Infantiles SOS Honduras,Honduras,https://www.aldeasinfantiles.org.hn,residential care,1975,500,unknown,individuals;corporate;government;sponsorships;events,online-donation;recurring-giving;sponsor-portal;annual-report,village model of family-like residential care,sister org of SOS Children's Villages International
0095,Aldeas Infantiles SOS Panama,Panama,https://www.aldeasinfantiles.org.pa,residential care,1980,300,unknown,individuals;corporate;government;sponsorships;events,online-donation;recurring-giving;sponsor-portal;annual-report,village model of family-like residential care,sister org of SOS Children's Villages International
0096,Aldeas Infantiles SOS Republica Dominicana,Dominican Republic,https://www.aldeasinfantiles.org.do,residential care,1977,500,unknown,individuals;corporate;government;sponsorships;events,online-donation;recurring-giving;sponsor-portal;annual-report,village model of family-like residential care,sister org of SOS Children's Villages International
0097,Aldeas Infantiles SOS Nicaragua,Nicaragua,https://www.aldeasinfantiles.org.ni,residential care,1972,500,unknown,individuals;corporate;government;sponsorships;events,online-donation;recurring-giving;sponsor-portal;annual-report,village model of family-like residential care,sister org of SOS Children's Villages International
0098,Aldeas Infantiles SOS El Salvador,El Salvador,https://www.aldeasinfantiles.org.sv,residential care,1973,500,unknown,individuals;corporate;government;sponsorships;events,online-donation;recurring-giving;sponsor-portal;annual-report,village model of family-like residential care,sister org of SOS Children's Villages International
0099,Aldeas Infantiles SOS Perú,Peru,https://www.aldeasinfantiles.org.pe,residential care,1972,1.2k,USD 4M,individuals;corporate;foundations,online-donation;recurring-giving;sponsor-portal;annual-report,post-disaster programs (El Niño),
0100,Aldeas Infantiles SOS México,Mexico,https://www.aldeasinfantiles.org.mx,residential care,1971,3k,USD 12M,individuals;corporate;foundations;government,online-donation;recurring-giving;sponsor-portal;annual-report;multiling-site;mobile-app,largest individual-country SOS; Tijuana migration program,
0101,Aldeas Infantiles SOS Panamá,Panama,https://www.aldeasinfantiles.org.pa,residential care,1979,300,USD 1M,individuals;corporate,online-donation,small operations,
0102,Aldeas Infantiles SOS Rep. Dominicana,Dominican Republic,https://www.aldeasinfantiles.org.do,residential care,1975,800,USD 2.5M,individuals;corporate;foundations,online-donation;recurring-giving,tourism-haitian migration youth,
0103,Aldeas Infantiles SOS Cuba,Cuba,https://www.aldeasinfantiles.org.cu,residential care,1990,200,unknown,government;foundations,recurring-giving,state-constrained operations,
0104,Aldeas Infantiles SOS Puerto Rico,Puerto Rico,https://www.aldeasinfantiles.org.pr,residential care,1992,300,USD 1M,individuals;corporate;foundations,online-donation;recurring-giving,hurricane recovery,
0105,Aldeas Infantiles SOS Haiti,Haiti,https://www.aldeasinfantiles.org.ht,residential care,1982,1k,USD 2M,individuals;foundations;multilateral,online-donation,earthquake-response permanent,
0106,Aldeas Infantiles SOS Spain,Spain,https://www.aldeasinfantiles.es,residential care,1964,30k,USD 75M,individuals;corporate;foundations;government;events;merchandise,online-donation;recurring-giving;sponsor-portal;annual-report;multiling-site;email-newsletter;whatsapp-business,63 programs in Spain + international,Pedro Puig president since 2021
0107,Aldeas Infantiles SOS USA,USA,https://www.sos-usa.org,residential care,1963,3k,USD 50M,individuals;corporate;foundations;events,online-donation;recurring-giving;sponsor-portal;annual-report;charity-rating;multiling-site,sponsorship model for international programs,HQ Washington DC
0108,Aldeas Infantiles SOS UK,UK,https://www.soschildren.org.uk,residential care,1963,3k,USD 30M,individuals;corporate;foundations;events,online-donation;recurring-giving;annual-report;charity-rating,charity navigator rated,
0109,Aldeas Infantiles SOS Germany,Germany,https://www.sos-kinderdorf.de,residential care,1957,5k,USD 60M,individuals;corporate;foundations;government,online-donation;recurring-giving;annual-report;multiling-site,village model origin country for SOS,
0110,Aldeas Infantiles SOS Italy,Italy,https://www.sosvillaggideibambini.it,residential care,1960,2k,USD 25M,individuals;corporate;foundations;government,online-donation;recurring-giving;multiling-site,foster care focus,
0111,Aldeas Infantiles SOS France,France,https://www.sosve.org,residential care,1960,3k,USD 30M,individuals;corporate;foundations;government,online-donation;recurring-giving;multiling-site,foster care + emergency response,
0112,Aldeas Infantiles SOS Netherlands,Netherlands,https://www.sos-kinderdorpen.nl,residential care,1960,1.5k,USD 18M,individuals;corporate;foundations,online-donation;recurring-giving;multiling-site,small-scale village network,
0113,Aldeas Infantiles SOS Sweden,Sweden,https://www.sos-barnbyar.se,residential care,1965,1k,USD 15M,individuals;corporate;foundations,online-donation;recurring-giving;multiling-site,monthly donor strong,
0114,Aldeas Infantiles SOS Switzerland,Switzerland,https://www.sos-kinderdorf.ch,residential care,1960,1k,USD 12M,individuals;corporate;foundations,online-donation;recurring-giving;multiling-site,multilingual (DE/FR/IT),
0115,Aldeas Infantiles SOS Austria,Austria,https://www.sos-kinderdorf.at,residential care,1949,3k,USD 30M,individuals;corporate;foundations;government,online-donation;recurring-giving;annual-report,founder country; suspended Oct 2025,
0116,Aldeas Infantiles SOS India,India,https://www.soschildrensvillages.in,residential care,1964,25k,USD 30M,individuals;corporate;foundations;government,online-donation;recurring-giving;sponsor-portal;annual-report;multiling-site,largest SOS in Asia,
0117,Aldeas Infantiles SOS China,China,https://www.sos-childrensvillages.org,residential care,1985,3k,USD 8M,foundations;multilateral;government,online-donation,state-restricted model,
0118,Aldesas Infantiles SOS Japan,Japan,https://www.sos-japan.org,residential care,1964,500,USD 8M,individuals;corporate;foundations,online-donation;recurring-giving;multiling-site,foster care focus,
0119,Aldeas Infantiles SOS South Korea,South Korea,https://www.soschildren.or.kr,residential care,1964,800,USD 5M,individuals;corporate;foundations,online-donation;recurring-giving,youth independence programs,
0120,Aldeas Infantiles SOS Philippines,Philippines,https://www.sos-childrensvillages.org,residential care,1968,5k,USD 8M,individuals;corporate;foundations,online-donation;recurring-giving,typhoon recovery,
0121,Aldeas Infantiles SOS Vietnam,Vietnam,https://www.sosvietnam.org,residential care,1987,1.5k,USD 4M,individuals;foundations,online-donation,state-restricted operations,
0122,Aldeas Infantiles SOS Indonesia,Indonesia,https://www.sos-childrensvillages.org,residential care,1973,3k,USD 6M,individuals;corporate;foundations,online-donation;recurring-giving,disaster response,
0123,Aldeas Infantiles SOS Thailand,Thailand,https://www.sosthailand.org,residential care,1975,1k,USD 3M,individuals;foundations,online-donation,migrant worker children,
0124,Aldeas Infantiles SOS Kenya,Kenya,https://www.sos-childrensvillages.or.ke,residential care,1973,5k,USD 10M,individuals;corporate;foundations;government,online-donation;recurring-giving;annual-report,street children reintegration,
0125,Aldeas Infantiles SOS Tanzania,Tanzania,https://www.sos-tanzania.org,residential care,1991,3k,USD 5M,individuals;foundations,online-donation,early childhood dev,
0126,Aldeas Infantiles SOS Uganda,Uganda,https://www.sos-childrensvillages.org,residential care,1990,5k,USD 8M,individuals;foundations,online-donation,youth livelihood,
0127,Aldeas Infantiles SOS Nigeria,Nigeria,https://www.sos-childrensvillages.org,residential care,1982,3k,USD 4M,individuals;foundations,online-donation,Boko Haram displacement,
0128,Aldeas Infantiles SOS South Africa,South Africa,https://www.sos.org.za,residential care,1985,1.5k,USD 5M,individuals;corporate;foundations,online-donation;recurring-giving,HIV-affected children,
0129,Aldeas Infantiles SOS Egypt,Egypt,https://www.sos-egypt.org,residential care,1980,1k,USD 3M,individuals;foundations,online-donation,refugee children,
0130,Aldeas Infantiles SOS Morocco,Morocco,https://www.sos-maroc.org,residential care,1986,800,USD 2M,individuals;foundations,online-donation,migration corridor youth,
0131,Aldeas Infantiles SOS Ghana,Ghana,https://www.sos-ghana.org,residential care,1981,1.5k,USD 3M,individuals;foundations,online-donation,child trafficking response,
0132,Aldeas Infantiles SOS Ethiopia,Ethiopia,https://www.sos-childrensvillages.org,residential care,1984,3k,USD 5M,individuals;foundations,online-donation,drought-affected families,
0133,Aldeas Infantiles SOS Lebanon,Lebanon,https://www.sos-lebanon.org,residential care,1975,2k,USD 4M,individuals;foundations;multilateral,online-donation,Syrian refugee children,
0134,Aldeas Infantiles SOS Jordan,Jordan,https://www.sos-jordan.org,residential care,1988,1.5k,USD 3M,individuals;foundations,online-donation,refugee programs,
0135,Aldeas Infantiles SOS Ukraine,Ukraine,https://www.sos-ua.org,residential care,2004,3k,USD 5M,individuals;foundations;multilateral,online-donation;whatsapp-business,war-displaced youth,
0136,Aldeas Infantiles SOS Poland,Poland,https://www.sos-wioskidzieciom.pl,residential care,1984,2k,USD 5M,individuals;corporate;foundations,online-donation;recurring-giving,Ukrainian refugee response,
0137,Casa Hogar Esperanza Paraguay,Paraguay,https://www.facebook.com/p/Casa-Hogar-Esperanza-Para-Los-Ni%C3%B1os-100090595308386/,residential care,2004,30,unknown,individuals;events;donations-in-kind,facebook;whatsapp-business,Christian home for abandoned children,Asunción based
0138,Fundación Alda,Paraguay,https://www.fundacionalda.org,education,2003,2k,USD 500k,individuals;corporate;foundations;events,online-donation;facebook;instagram,23-year education specialist,Teniente Ramírez Torres 242
0139,Hogar Misión Esperanza,Paraguay,http://www.misionesperanza.org.py/,residential care,1995,50,unknown,individuals;events;donations-in-kind,facebook,school + medical + home for kids,
0140,Fundación Solidaridad Paraguay,Paraguay,https://www.fundacionsolidaridadpy.org,mixed,1985,200,USD 800k,individuals;corporate;foundations;events,online-donation;facebook;whatsapp-business,3-volunteer-options disability program,60 employees
0141,Fundación Cimientos Paraguay,Paraguay,https://www.cimientos.org,education,1998,3k,USD 2M,individuals;corporate;foundations,online-donation;recurring-giving;annual-report,secondary school persistence,83% graduates continue studies/working
0142,Fundación Telefónica Movistar Paraguay,Paraguay,https://www.fundaciontelefonica.com.py,education,1998,50k,USD 1.5M,corporate;foundations,online-donation;multiling-site,digital education program,
0143,Fundación Paraguaya,Paraguay,https://www.fundacionparaguaya.org,mixed,1985,100k,USD 6M,foundations;corporate;multilateral;earned-income;social-enterprise,online-donation;annual-report,micro-finance pioneer; San Francisco farm,Martin Burt founder
0144,CIRD Paraguay,Paraguay,https://www.cird.org.py,education,1989,unknown,USD 20M,multilateral;foundations;government,whatsapp-business,WhatsApp+RVE child immunization at 25k scale,
0145,Teletón Paraguay,Paraguay,https://www.teleton.org.py,health,1978,5k,USD 4M,individuals;corporate;events;multilateral,online-donation;recurring-giving;whatsapp-business;annual-report,Comilona 2026 raised Gs. 1.39bn in one event,televised annual fundraiser
0146,Fundación Visión Paraguay,Paraguay,https://www.vision.org.py,health,1990,50k,USD 3M,individuals;corporate;foundations,online-donation,eye care + glasses,
0147,Fundación Banco de Alimentos Paraguay,Paraguay,https://www.bancodealimentos.org.py,mixed,2010,100k,USD 1.5M,individuals;corporate;foundations;donations-in-kind,online-donation,food rescue + distribution,
0148,Fundación Hugo Zárate,Paraguay,https://www.hugo.org.py,education,1995,2k,USD 500k,individuals;corporate,online-donation,youth education foundation,
0149,Aldeas Infantiles SOS Belgium,Belgium,https://www.sosvillagesdenfants.be,residential care,1963,1k,USD 12M,individuals;corporate;foundations,online-donation;recurring-giving;multiling-site,village + foster care,
0150,Aldeas Infantiles SOS Australia,Australia,https://www.soschildrensvillages.org.au,residential care,1983,500,USD 8M,individuals;corporate;foundations,online-donation;recurring-giving,charity navigator rated,
0151,Aldeas Infantiles SOS Canada,Canada,https://www.soschildrensvillages.ca,residential care,1969,1.5k,USD 15M,individuals;corporate;foundations,online-donation;recurring-giving;sponsor-portal;annual-report;charity-rating;multiling-site,bilingual EN/FR sponsor portal,
0152,Aldeas Infantiles SOS New Zealand,New Zealand,https://www.sos.org.nz,residential care,1966,300,USD 4M,individuals;corporate,online-donation;recurring-giving,small village,
0153,Fundación Huésped,Argentina,https://www.huesped.org.ar,health,1989,100k,USD 3M,individuals;foundations;government;multilateral,online-donation;annual-report;multiling-site,HIV/AIDS youth prevention + research,
0154,Hogar Bambi,Argentina,https://www.bambi.org.ar,residential care,1898,250,unknown,individuals;corporate;events;donations-in-kind,facebook;instagram,oldest children's home in LatAm,
0155,Fundación Conín,Argentina,https://www.conin.org.ar,mixed,1993,5k,USD 2M,individuals;corporate;foundations,online-donation,infant malnutrition prevention (Abel Albino),
0156,Fundación Sí,Argentina,https://www.fundacionsi.org,education,1995,3k,USD 2M,individuals;corporate;foundations,online-donation;multiling-site,youth education programs,
0157,Fundación C&A,Mexico,https://www.cyamoda.com/fundacion,education,2001,50k,USD 2M,corporate,online-donation;multiling-site,C&A retail foundation global,
0158,Niños en Alegría,Mexico,https://www.niniosenalegria.org,education,2003,10k,USD 1.5M,individuals;corporate;events,online-donation,playground construction,
0159,Fundación Infantiles A.C.,Mexico,https://www.fundacioninfantiles.org,residential care,1990,300,USD 500k,individuals;corporate;events,online-donation,children's home in Guadalajara,
0160,Hogares de la Paz,Colombia,https://www.hogaresdelapaz.org,residential care,1990,200,unknown,individuals;corporate,online-donation,post-conflict youth,
0161,Aldeas Infantiles SOS Pacific,Pacific Islands,https://www.sos-childrensvillages.org,residential care,2010,300,unknown,foundations,online-donation,small programs in Fiji/Tonga,
0162,Casa da Criança,Brazil,https://www.casadacrianca.org.br,residential care,1956,500,USD 1M,individuals;corporate;foundations,online-donation,Belo Horizonte children's home,
0163,Aldeia da Criança SOS,Brazil,https://www.aldeiasos.org.br,residential care,1967,5k,USD 15M,individuals;corporate;foundations;government,online-donation;recurring-giving,largest SOS LatAm; SP,
0164,Save the Children Action Network,USA,https://www.savethechildrenactionnetwork.org,rights,2010,unknown,USD 5M,foundations,online-donation;annual-report,US policy advocacy arm of Save,
0165,National CASA / GAL,USA,https://www.nationalcasagal.org,foster,1977,280k,USD 80M,foundations;government;individuals,online-donation;recurring-giving;annual-report;charity-rating,court-appointed advocates for foster kids,
0166,Court Appointed Special Advocates,USA,https://www.casaforchildren.org,foster,1977,280k,USD 80M,foundations;government;individuals,online-donation;recurring-giving;annual-report,CASA volunteer model,
0167,Boy Scouts of America,USA,https://www.scouting.org,education,1910,1M,USD 800M,foundations;individuals;corporate;merchandise,online-donation;recurring-giving;annual-report,name change to Scouting America 2024,
0168,Child Help,USA,https://www.childhelp.org,rights,1959,unknown,USD 20M,individuals;corporate;foundations,online-donation;recurring-giving;annual-report;charity-rating,child abuse prevention,
0169,WaterAid,Global,https://www.wateraid.org,mixed,1981,2M,USD 120M,individuals;foundations;corporate;government,online-donation;recurring-giving;annual-report;charity-rating;multiling-site,WASH for schools + communities,affects children + families
0170,Trickle Up,USA,https://trickleup.org,mixed,1979,100k,USD 15M,foundations;government;individuals,online-donation;annual-report,extreme poverty graduation,women + children
0171,Heifer International,USA,https://www.heifer.org,mixed,1944,1M,USD 150M,individuals;foundations;corporate,online-donation;recurring-giving;annual-report;charity-rating,livestock gift catalog,HQ Arkansas
0172,War Child,Netherlands,https://www.warchild.net,rights,1993,300k,USD 60M,individuals;foundations;government;multilateral,online-donation;recurring-giving;annual-report;multiling-site,psychosocial support for war-affected kids,
0173,War Child UK,UK,https://www.warchild.org.uk,rights,1993,50k,USD 10M,individuals;foundations;events,online-donation;recurring-giving;annual-report,fundraising events,
0174,War Child Holland,Netherlands,https://www.warchildholland.org,rights,1993,100k,USD 20M,individuals;foundations,online-donation;recurring-giving,largest War Child entity,
0175,War Child Canada,Canada,https://www.warchild.ca,rights,2002,unknown,USD 5M,individuals;foundations,online-donation,small entity,
0176,War Child Sweden,Sweden,https://www.warchild.se,rights,2000,unknown,USD 3M,individuals;foundations,online-donation,,
0177,War Child Denmark,Denmark,https://www.warchild.dk,rights,2000,unknown,USD 3M,individuals;foundations,online-donation,,
0178,Right To Play,Canada,https://www.righttoplay.com,education,2000,1M,USD 80M,individuals;foundations;government;corporate,online-donation;recurring-giving;annual-report;charity-rating;multiling-site,sport for development,HQ Toronto
0179,Free The Children,Canada,https://www.freethechildren.com,mixed,1995,1M,USD 50M,individuals;corporate;foundations,online-donation;recurring-giving;annual-report,WE Charity model; now WE Charity,
0180,WE Charity,Canada,https://www.wecharity.org,mixed,1995,1M,USD 50M,individuals;corporate;foundations,online-donation;recurring-giving;annual-report,WE Movement umbrella,controversy 2020
0181,Dewis / WE Movement,Global,https://www.we.org,mixed,2010,unknown,USD 5M,individuals;foundations,online-donation,youth activism platform,
0182,Me to We,Canada,https://www.metowe.com,education,2008,unknown,USD 10M,individuals;corporate,online-donation,social enterprise (ribbon bracelets),
0183,Pencils of Promise,USA,https://pencilsofpromise.org,education,2008,80k,USD 30M,individuals;corporate;foundations,online-donation;recurring-giving;annual-report;charity-rating,build schools in developing countries,Justin Bieber fan model
0184,Room to Read,USA,https://www.roomtoread.org,education,2000,10M,USD 80M,individuals;corporate;foundations,online-donation;recurring-giving;annual-report;charity-rating,literacy + girls education,HQ San Francisco
0185,Girl Rising,USA,https://girlrising.com,education,2010,unknown,USD 10M,individuals;foundations;corporate,online-donation;annual-report,documentary-led advocacy,global girls education
0186,Because I Am a Girl,Global,https://www.plan-international.org/girls,rights,2007,unknown,USD 30M,individuals;corporate,online-donation,girls rights movement by Plan,
0187,Malala Fund,Global,https://malala.org,rights,2013,unknown,USD 30M,individuals;foundations;corporate,online-donation;recurring-giving;annual-report;charity-rating,Nobel laureate founded; girls education,Malala Yousafzai
0188,Harambee Youth Employment,South Africa,https://harambee.co.za,education,2011,100k,USD 30M,foundations;corporate;government,online-donation,youth employment accelerator,South Africa
0189,Generation Citizen,USA,https://www.generationcitizen.org,education,2009,100k,USD 10M,foundations;corporate,online-donation;annual-report,civic education for teens,
0190,Children's Investment Fund Foundation,Global,https://ciif.org,rights,2004,unknown,USD 300M,foundations,online-donation,large foundation; child + climate,
0191,New Venture Fund,USA,https://www.newventurefund.org,mixed,2006,unknown,USD 200M,foundations,online-donation,fiscal sponsor for many,
0192,Emerson Collective,USA,https://www.emersoncollective.com,mixed,2004,unknown,USD 800M,foundations;earned-income,online-donation,Laurene Powell Jobs' org,
0193,Conde Nast,USA,https://www.condenast.com,media,1909,unknown,USD 2B,earned-income,multiling-site,media not NGO but works with youth causes,
0194,Cookbook Project,USA,https://www.cookbookproject.org,education,2010,5k,USD 500k,individuals;foundations,online-donation,culinary education for youth,
0195,Year Up,USA,https://www.yearup.org,education,2000,5k,USD 100M,foundations;corporate;government,online-donation;recurring-giving;annual-report,tech workforce for disadvantaged youth,
0196,Per Scholas,USA,https://perscholas.org,education,1995,5k,USD 30M,foundations;corporate,online-donation;recurring-giving;annual-report,IT workforce training,
0197,NPower,USA,https://www.npower.org,education,2000,10k,USD 30M,foundations;corporate,online-donation;recurring-giving;annual-report,IT training,
0198,Common Sense Media,USA,https://www.commonsensemedia.org,rights,2003,unknown,USD 50M,foundations;corporate,online-donation;annual-report,kids digital literacy,
0199,Boys & Girls Clubs of Canada,Canada,https://www.bgccan.com,education,1900,200k,USD 50M,foundations;corporate;government,online-donation;recurring-giving,Canadian affiliate of BGCA,
0200,Frontiers Foundation,Canada,https://www.frontiersfoundation.ca,mixed,1970,unknown,USD 5M,foundations,online-donation,Indigenous child welfare,
0201,First Nations Child & Family Caring Society,Canada,https://fncfcs.com,rights,1998,unknown,USD 5M,foundations;government,online-donation,Indigenous child rights,
0202,Kaweah House,Canada,https://www.kaweah.ca,residential care,1975,100,unknown,individuals;government,online-donation,youth residential,
0203,Children's Aid Society,Canada,https://www.childrensaidsociety.ca,foster,1891,unknown,USD 20M,government;foundations,online-donation,foster care + adoption,
0204,Catholic Children's Aid,Canada,https://www.tcdssb.org,foster,1858,unknown,USD 10M,government;foundations,online-donation,Catholic child welfare,
0205,Jewish Children's Aid,Canada,https://www.jcc.ca,foster,1860,unknown,USD 5M,individuals;foundations,online-donation,Jewish child welfare,
0206,Children's Aid Foundation,Canada,https://www.childaid.ca,foster,1979,unknown,USD 5M,individuals;foundations,online-donation,raise funds for CAS,
0207,Kids Help Phone,Canada,https://kidshelpphone.ca,rights,1989,3M,USD 30M,corporate;foundations;government,online-donation;recurring-giving;annual-report;whatsapp-business,phone + text support for youth,Canada's 9-8-8
0208,Canadian Centre for Child Protection,Canada,https://www.protectchildren.ca,rights,1985,unknown,USD 10M,government;foundations,online-donation,Cybertip! + Arachnid,
0209,Adoptive Families Association,Canada,https://www.adoptivefamilies.ca,foster,1970,unknown,USD 2M,individuals;government,online-donation,adoption support,
0210,CHEO,Canada,https://www.cheo.on.ca,health,1974,500k,USD 500M,government;foundations;individuals,online-donation;recurring-giving;annual-report,children's hospital Ottawa,
0211,BC Children's Hospital Foundation,Canada,https://www.bcchf.ca,health,1982,unknown,USD 100M,individuals;corporate;events,online-donation;recurring-giving;annual-report,hospital foundation,
0212,Alberta Children's Hospital Foundation,Canada,https://www.childrenshospital.ab.ca,health,1978,unknown,USD 80M,individuals;corporate;events,online-donation;recurring-giving;annual-report,hospital foundation,
0213,Sick Kids Foundation,Canada,https://www.sickkids.com,health,1972,unknown,USD 200M,individuals;corporate;events,online-donation;recurring-giving;annual-report;charity-rating,Toronto children's hospital,
0214,Children's Hospital Foundation,Canada,https://www.childrenshospitalfoundation.ca,health,1985,unknown,USD 100M,individuals;corporate;events,online-donation;recurring-giving;annual-report,Winnipeg children's hospital,
0215,IWK Foundation,Canada,https://www.iwkfoundation.org,health,1980,unknown,USD 30M,individuals;corporate;events,online-donation;recurring-giving;annual-report,Halifax children's hospital,
0216,Children's Miracle Network,USA,https://www.childrensmiraclenetworkhospitals.org,health,1983,10M,USD 400M,corporate;individuals;events,online-donation;annual-report;charity-rating,children's hospitals network,
0217,Shriners Hospitals for Children,USA,https://www.shrinerschildrens.org,health,1922,unknown,USD 1B,foundations;individuals;corporate,online-donation;recurring-giving;annual-report,specialty pediatric hospital network,
0218,Ronald McDonald House Charities,USA,https://www.rmhc.org,mixed,1974,unknown,USD 600M,corporate;individuals;events,online-donation;recurring-giving;annual-report;charity-rating,family housing near hospitals,
0219,Make-A-Wish International,Global,https://worldwish.org,rights,1980,1M,USD 500M,individuals;corporate;foundations,online-donation;recurring-giving;annual-report;multiling-site,global wish-granting,
0220,Magen David Adom,Israel,https://www.mdais.org,emergency,1930,unknown,USD 100M,individuals;foundations;government,online-donation;recurring-giving;multiling-site,Israeli emergency medical service,
0221,Zaka,Israel,https://www.zaka.org,emergency,1989,unknown,USD 10M,individuals;foundations,online-donation,volunteer emergency response,
0222,Save a Child's Heart,Israel,https://www.saveachildsheart.org,health,1995,5k,USD 15M,individuals;foundations;government,online-donation;recurring-giving;multiling-site,pediatric cardiac surgery globally,
0223,Peres Center for Peace,Israel,https://www.pcfp.org,education,1996,unknown,USD 5M,foundations;government,online-donation,Israeli-Palestinian youth programs,
0224,Hand in Hand,Israel,https://www.handinhandk12.org,education,1997,2k,USD 10M,individuals;foundations,online-donation,bilingual Jewish-Arabic schools,
0225,Jasmine Kids,Israel,https://www.jasmine.org.il,residential care,2000,200,USD 2M,individuals;foundations,online-donation,children at risk,
0226,Latet,Israel,https://www.latet.org.il,mixed,1996,unknown,USD 50M,individuals;corporate;foundations,online-donation;recurring-giving,Israeli poverty relief including families,
0227,Meir Panim,Israel,https://www.meirpanim.org,mixed,2000,unknown,USD 20M,individuals;foundations,online-donation,poverty including children,
0228,Akim,Israel,https://www.akim.org.il,rights,1951,unknown,USD 30M,individuals;government,online-donation,intellectual disability advocacy,
0229,ALUT,Israel,https://www.alut.org.il,rights,1974,unknown,USD 10M,individuals;government,online-donation,autism advocacy + services,
0230,Bnei Akiva,Israel,https://www.bneiakiva.org,education,1929,50k,USD 5M,individuals;foundations,online-donation,youth movement,
0231,BBYO,Global,https://www.bbyo.org,education,1924,60k,USD 30M,individuals;foundations,online-donation,Jewish teen movement,
0232,BBYO Global,Global,https://www.bbyo.org,education,1924,60k,USD 30M,individuals;foundations,online-donation,global Jewish teen movement,
0233,Chabad,Global,https://www.chabad.org,education,1775,unknown,USD 500M,individuals;foundations,online-donation;recurring-giving,global Jewish outreach incl. youth,
0234,Soka Gakkai International,Global,https://www.sgi.org,education,1975,unknown,USD 1B,individuals,multiling-site,Buddhist education for peace,
0235,Quaker Service Australia,Australia,https://www.quakerserviceaustralia.org,rights,1959,unknown,USD 5M,individuals;foundations,online-donation,Quaker service incl. youth,
0236,Uniting,Australia,https://www.uniting.org,mixed,1972,unknown,USD 200M,government;foundations,online-donation,Australian church child + family services,
0237,Anglicare Australia,Australia,https://www.anglicare.asn.au,mixed,1985,unknown,USD 300M,government;foundations,online-donation,Anglican child + family services,
0238,Mission Australia,Australia,https://www.missionaustralia.com.au,mixed,1859,unknown,USD 400M,government;foundations,online-donation,Australian church child + family services,
0239,Salvation Army Australia,Australia,https://www.salvationarmy.org.au,mixed,1865,unknown,USD 1B,government;foundations;individuals,online-donation;recurring-giving,major Australian charity,
0240,St Vincent de Paul Society,Australia,https://www.vinnies.org.au,mixed,1854,unknown,USD 200M,individuals;corporate,online-donation,poverty including families,
0241,Red Cross Australia,Australia,https://www.redcross.org.au,emergency,1914,unknown,USD 500M,individuals;corporate;government,online-donation;recurring-giving,emergency + community,
0242,Ted Noffs Foundation,Australia,https://www.noffs.org.au,residential care,1970,unknown,USD 5M,government;foundations,online-donation,youth drug rehab,
0243,PCYC (Police Citizens Youth Clubs),Australia,https://www.pcyc.org.au,education,1937,60k,USD 50M,government;foundations,online-donation,youth club model,
0244,Boys Town,Australia,https://www.boystown.com.au,residential care,1960,unknown,USD 10M,government;foundations,online-donation,youth residential,
0245,Kids Helpline Australia,Australia,https://kidshelpline.com.au,rights,1976,unknown,USD 30M,government;foundations,online-donation;whatsapp-business,phone + online support,
0246,ReachOut Australia,Australia,https://au.reachout.com,rights,1998,unknown,USD 5M,government;foundations,online-donation,youth mental health online,
0247,Orygen Youth Mental Health,Australia,https://orygen.org.au,health,1993,unknown,USD 30M,government;foundations,online-donation,youth mental health research,
0248,headspace Australia,Australia,https://headspace.org.au,health,2006,unknown,USD 100M,government;foundations,online-donation,youth mental health network,
0249,Black Dog Institute,Australia,https://www.blackdoginstitute.org.au,health,1985,unknown,USD 20M,government;foundations,online-donation,mental health research,
0250,Australian Childhood Foundation,Australia,https://www.childhood.org.au,rights,1990,unknown,USD 15M,government;foundations,online-donation,trauma-informed care,
0251,Australian Centre for Childhood Protection,Australia,https://www.unisa.edu.au,rights,2005,unknown,USD 5M,government,online-donation,child protection research,
0252,Blue Knot Foundation,Australia,https://www.blueknot.org.au,rights,1993,unknown,USD 5M,government;foundations,online-donation,trauma survivor advocacy,
0253,Yirramboi First Nations,Australia,https://www.yirramboi.org,education,2013,unknown,USD 2M,government;foundations,online-donation,Indigenous youth arts,
0254,ChildFund Korea,South Korea,https://www.childfund.or.kr,sponsorship,1961,unknown,USD 5M,individuals;corporate,online-donation;sponsor-portal;multiling-site,Korean sponsor model,
0255,ChildFund Japan,Japan,https://www.childfund-japan.org,sponsorship,1973,unknown,USD 5M,individuals;corporate,online-donation;sponsor-portal;multiling-site,Japanese sponsor model,
0256,ChildFund Taiwan,Taiwan,https://www.childfund.org.tw,sponsorship,1973,unknown,USD 2M,individuals;corporate,online-donation;sponsor-portal;multiling-site,Taiwanese sponsor model,
0257,ChildFund India,India,https://www.childfundindia.org,sponsorship,1960,100k,USD 10M,individuals;foundations;corporate,online-donation;sponsor-portal,Indian sponsor model,
0258,ChildFund Sri Lanka,Sri Lanka,https://www.childfundsrilanka.org,sponsorship,1980,unknown,USD 2M,individuals;foundations,online-donation,Sri Lankan sponsor model,
0259,ChildFund Kenya,Kenya,https://www.childfundkenya.org,sponsorship,1980,50k,USD 5M,individuals;foundations,online-donation;sponsor-portal,Kenyan sponsor model,
0260,ChildFund Zambia,Zambia,https://www.childfund.org,sponsorship,1980,50k,USD 3M,individuals;foundations,online-donation,Zambian sponsor model,
0261,ChildFund Ethiopia,Ethiopia,https://www.childfund.org,sponsorship,1980,100k,USD 5M,individuals;foundations,online-donation,Ethiopian sponsor model,
0262,ChildFund Uganda,Uganda,https://www.childfund.org,sponsorship,1980,50k,USD 4M,individuals;foundations,online-donation,Ugandan sponsor model,
0263,ChildFund Rwanda,Rwanda,https://www.childfund.org,sponsorship,1994,unknown,USD 2M,individuals;foundations,online-donation,Rwandan operations,
0264,ChildFund Tanzania,Tanzania,https://www.childfund.org,sponsorship,1993,50k,USD 3M,individuals;foundations,online-donation,Tanzanian operations,
0265,ChildFund Mexico,Mexico,https://www.childfund.org,sponsorship,1960,20k,USD 4M,individuals;foundations,online-donation,Mexican operations,
0266,ChildFund Honduras,Honduras,https://www.childfund.org,sponsorship,1970,10k,USD 2M,individuals;foundations,online-donation,Honduran operations,
0267,ChildFund Guatemala,Guatemala,https://www.childfund.org,sponsorship,1970,20k,USD 3M,individuals;foundations,online-donation,Guatemalan operations,
0268,ChildFund Brazil,Brazil,https://www.childfund.org,sponsorship,1970,20k,USD 4M,individuals;foundations,online-donation,Brazilian operations,
0269,ChildFund Bolivia,Bolivia,https://www.childfund.org,sponsorship,1970,5k,USD 1M,individuals;foundations,online-donation,Bolivian operations,
0270,ChildFund Paraguay,Paraguay,https://www.childfund.org,sponsorship,1968,3k,USD 1M,individuals;foundations;corporate,online-donation;sponsor-portal,Paraguayan operations,
0271,ChildFund Colombia,Colombia,https://www.childfund.org,sponsorship,1970,5k,USD 2M,individuals;foundations,online-donation,Colombian operations,
0272,ChildFund Ecuador,Ecuador,https://www.childfund.org,sponsorship,1970,5k,USD 2M,individuals;foundations,online-donation,Ecuadorian operations,
0273,ChildFund Peru,Peru,https://www.childfund.org,sponsorship,1970,5k,USD 2M,individuals;foundations,online-donation,Peruvian operations,
0274,ChildFund Dominican Rep.,Dominican Republic,https://www.childfund.org,sponsorship,1970,5k,USD 1M,individuals;foundations,online-donation,Dominican operations,
0275,ChildFund Philippines,Philippines,https://www.childfund.org,sponsorship,1970,20k,USD 3M,individuals;foundations,online-donation,Filipian operations,
0276,ChildFund Indonesia,Indonesia,https://www.childfund.org,sponsorship,1973,10k,USD 3M,individuals;foundations,online-donation,Indonesian operations,
0277,ChildFund Thailand,Thailand,https://www.childfund.org,sponsorship,1973,5k,USD 2M,individuals;foundations,online-donation,Thai operations,
0278,ChildFund Vietnam,Vietnam,https://www.childfund.org,sponsorship,1993,5k,USD 2M,individuals;foundations,online-donation,Vietnamese operations,
0279,World Concern,USA,https://www.worldconcern.org,mixed,1961,unknown,USD 30M,individuals;foundations;corporate;government,online-donation;recurring-giving;annual-report;charity-rating,disaster response + child sponsorship,part of CRI ministries
0280,Agros International,USA,https://www.agros.org,mixed,1984,10k,USD 10M,individuals;foundations;corporate,online-donation;recurring-giving;annual-report;charity-rating,rural village model in LatAm,HQ Seattle
0281,Hagar International,Global,https://hagarinternational.org,rights,1994,unknown,USD 20M,individuals;foundations;corporate,online-donation;recurring-giving;annual-report;charity-rating,trafficking survivor recovery,intense model
0282,Love146,USA,https://love146.org,rights,2002,unknown,USD 10M,individuals;foundations;corporate,online-donation;recurring-giving;annual-report;charity-rating,anti-child trafficking,powerful brand
0283,International Justice Mission,USA,https://www.ijm.org,rights,1997,unknown,USD 200M,individuals;foundations;corporate,online-donation;recurring-giving;annual-report;charity-rating,modern slavery rescue,HQ Washington
0284,ECPAT International,Global,https://ecpat.org,rights,1990,unknown,USD 10M,foundations;government;individuals,online-donation;recurring-giving;annual-report;multiling-site,child sex trafficking advocacy,global network
0285,ECPAT USA,USA,https://www.ecpatusa.org,rights,1991,unknown,USD 2M,individuals;foundations,online-donation,US affiliate of ECPAT,
0286,Polaris Project,USA,https://polarisproject.org,rights,2002,unknown,USD 30M,individuals;foundations;government,online-donation;recurring-giving;annual-report,human trafficking hotline,US national hotline
0287,Thorn,USA,https://www.thorn.org,rights,2012,unknown,USD 20M,individuals;foundations;corporate,online-donation;recurring-giving;annual-report,anti-child-sex-abuse tech,Ashton Kutcher co-founded
0288,Mamoon,USA,https://www.mamoon.org,rights,2015,unknown,USD 5M,individuals;foundations,online-donation,women + child rights,
0289,NetHope,USA,https://www.nethope.org,mixed,2001,unknown,USD 30M,foundations;corporate,online-donation;recurring-giving;annual-report,tech for NGOs,consortium model
0290,TechSoup Global,USA,https://www.techsoup.org,mixed,1987,unknown,USD 30M,individuals;foundations;corporate;earned-income,online-donation;recurring-giving;annual-report;multiling-site,discounted tech for NGOs,global network
0291,Charity Navigator,USA,https://www.charitynavigator.org,rights,2001,unknown,USD 10M,individuals;foundations;earned-income,online-donation;recurring-giving;annual-report,charity rating platform,
0292,GuideStar,USA,https://www.guidestar.org,rights,1994,unknown,USD 20M,foundations;earned-income,online-donation;recurring-giving;annual-report,IRS nonprofit data platform,
0293,Candid (Foundation Center + GuideStar),USA,https://candid.org,rights,2019,unknown,USD 50M,foundations;earned-income,online-donation;recurring-giving;annual-report,merged entity,
0294,Give.org (BBB Wise Giving),USA,https://www.give.org,rights,1970,unknown,USD 5M,individuals;foundations;earned-income,online-donation;recurring-giving,BBB charity assessment,
0295,CharityWatch,USA,https://www.charitywatch.org,rights,1992,unknown,USD 2M,individuals;earned-income,online-donation,charity rating platform,
0296,Great Nonprofits,USA,https://greatnonprofits.org,rights,2006,unknown,USD 2M,foundations;earned-income,online-donation,nonprofit reviews platform,
0297,Cause,USA,https://www.cause.com,rights,2007,unknown,USD 5M,foundations;earned-income,online-donation,corporate giving platform,
0298,Benevity,USA,https://benevity.com,rights,2008,unknown,USD 100M,corporate;earned-income,online-donation,corporate CSR + employee giving platform,
0299,YourCause,USA,https://www.yourcause.com,rights,1999,unknown,USD 100M,corporate;earned-income,online-donation,CSR platform (Blackbaud),
0300,CyberGrants,USA,https://www.cybergrants.com,rights,2000,unknown,USD 50M,corporate;earned-income,online-donation,matching gifts platform,
0301,Bright Funds,USA,https://brightfunds.org,rights,2014,unknown,USD 10M,corporate;earned-income,online-donation,employee giving platform,
0302,Millie,USA,https://milliegives.com,rights,2017,unknown,USD 5M,corporate;earned-income,online-donation,employee giving platform,
0303,Submittable,USA,https://www.submittable.com,rights,2010,unknown,USD 30M,foundations;earned-income,online-donation,grant management SaaS,
0304,Foundant Technologies,USA,https://www.foundant.com,rights,2007,unknown,USD 10M,earned-income,online-donation,grant management SaaS,
0305,Fluxx,USA,https://www.fluxx.io,rights,2009,unknown,USD 10M,earned-income,online-donation,grant management SaaS,
0306,Instrumentl,USA,https://www.instrumentl.com,rights,2015,unknown,USD 10M,earned-income,online-donation,grant discovery platform,
0307,Candid (SeamlessDocs),USA,https://candid.org,rights,2019,unknown,USD 50M,earned-income,online-donation,nonprofit back-office,
0308,Salesforce.org / Salesforce Power of Us,USA,https://www.salesforce.org,mixed,1999,unknown,USD 50M,corporate,online-donation,discounted CRM for NGOs,
0309,Microsoft Philanthropies,USA,https://www.microsoft.com/en-us/philanthropies,rights,1983,unknown,USD 1B,corporate,online-donation,tech donation for NGOs,
0310,Google Ad Grants,USA,https://www.google.com/grants,rights,2003,unknown,USD 100M,corporate,online-donation,free Google Ads for NGOs,
0311,Microsoft Tech for Social Impact,USA,https://www.microsoft.com/en-us/industry/nonprofit,rights,1983,unknown,USD 100M,corporate,online-donation,Microsoft tech donation for NGOs,
0312,Amazon Web Services Imagine,USA,https://aws.amazon.com/government-education/nonprofits,rights,2011,unknown,USD 50M,corporate,online-donation,AWS credit for NGOs,
0313,Stripe Atlas,USA,https://stripe.com/atlas,rights,2016,unknown,USD 50M,corporate;earned-income,online-donation,company formation for impact startups,
0314,Wix for Nonprofits,USA,https://www.wix.com,rights,2006,unknown,USD 50M,corporate,online-donation,website builder with nonprofit discount,
0315,GoFundMe Charity,USA,https://charity.gofundme.com,rights,2010,unknown,USD 200M,corporate;earned-income,online-donation,peer-to-peer fundraising platform,
0316,Funraise,USA,https://funraise.io,rights,2017,unknown,USD 30M,corporate;earned-income,online-donation,modern nonprofit CRM + donation platform,
0317,Donorbox,USA,https://donorbox.org,rights,2014,unknown,USD 30M,corporate;earned-income,online-donation,recurring donation platform,
0318,Givebutter,USA,https://givebutter.com,rights,2016,unknown,USD 20M,corporate;earned-income,online-donation,free fundraising platform,
0319,Stripe,USA,https://stripe.com,rights,2010,unknown,USD 14B,earned-income,online-donation,payment processor for everything,
0320,PayPal Giving Fund,USA,https://www.paypal.com/giving,rights,2001,unknown,USD 100M,corporate;earned-income,online-donation,PayPal-based giving platform,
0321,Google Pay,USA,https://pay.google.com,rights,2018,unknown,USD 50M,corporate;earned-income,online-donation,payment platform,
0322,Apple Pay,USA,https://www.apple.com/apple-pay,rights,2014,unknown,USD 50M,corporate;earned-income,online-donation,payment platform,
0323,Meta Pay (Donate),USA,https://www.meta.com,rights,2020,unknown,USD 100M,corporate;earned-income,online-donation,social platform donation button,
0324,WhatsApp Pay,Global,https://www.whatsapp.com,rights,2020,unknown,USD 50M,corporate;earned-income,online-donation,payments via WhatsApp,
0325,Wepay,USA,https://go.wepay.com,rights,2008,unknown,USD 30M,corporate;earned-income,online-donation,payment processor (JPMorgan),
0326,Braintree,USA,https://www.braintreepayments.com,rights,2007,unknown,USD 50M,corporate;earned-income,online-donation,payment processor (PayPal),
0327,Dwolla,USA,https://www.dwolla.com,rights,2008,unknown,USD 10M,corporate;earned-income,online-donation,ACH payment processor,
0328,BitPay,USA,https://www.bitpay.com,rights,2011,unknown,USD 30M,corporate;earned-income,online-donation,crypto payment processor,
0329,Coinbase Commerce,USA,https://commerce.coinbase.com,rights,2018,unknown,USD 50M,corporate;earned-income,online-donation,crypto payment processor,
0330,The Giving Block,USA,https://www.thegivingblock.com,rights,2018,unknown,USD 10M,corporate;earned-income,online-donation,crypto donation platform for nonprofits,
0331,Engiven,USA,https://www.engiven.com,rights,2020,unknown,USD 5M,corporate;earned-income,online-donation,crypto donation platform,
0332,Every.org,USA,https://www.every.org,rights,2020,unknown,USD 10M,corporate;foundations;earned-income,online-donation,free nonprofit donation platform,
0333,Patreon,USA,https://www.patreon.com,rights,2013,unknown,USD 100M,corporate;earned-income,online-donation,creator membership platform,
0334,Substack,USA,https://substack.com,rights,2017,unknown,USD 100M,corporate;earned-income,online-donation,newsletter platform with paid subs,
0335,Memberful,USA,https://memberful.com,rights,2013,unknown,USD 10M,corporate;earned-income,online-donation,membership platform,
0336,Mighty Networks,USA,https://www.mightynetworks.com,rights,2017,unknown,USD 30M,corporate;earned-income,online-donation,community platform,
0337,Fundación Telefónica,Spain,https://www.fundaciontelefonica.org,education,1998,500k,USD 50M,corporate;foundations,online-donation;multiling-site,global digital education,
0338,Fundación Mapfre,Spain,https://www.fundacionmapfre.org,mixed,1975,unknown,USD 60M,corporate;foundations,online-donation;multiling-site,insurance foundation global,
0339,Fundación La Caixa,Spain,https://fundacionlacaixa.org,mixed,1904,unknown,USD 500M,corporate;foundations;individuals,online-donation;recurring-giving;multiling-site,CaixaProinfancia program,
0340,Fundación Mutua Madrileña,Spain,https://www.fundacionmutua.es,mixed,2003,unknown,USD 20M,corporate;foundations,online-donation;multiling-site,Spanish insurance foundation,
0341,Fundación Real Madrid,Spain,https://www.realmadrid.com,education,1997,unknown,USD 20M,corporate;foundations;events,online-donation;recurring-giving;multiling-site,football foundation for youth,
0342,Fundación FC Barcelona,Spain,https://www.fcbarcelona.com,education,1994,unknown,USD 30M,corporate;foundations;events,online-donation;recurring-giving;multiling-site,football foundation for youth,
0343,Fundación Atlético de Madrid,Spain,https://www.atleticodemadrid.com,education,2009,unknown,USD 10M,corporate;foundations,online-donation,Spanish football foundation,
0344,Fundación Sevilla FC,Spain,https://www.sevillafc.es,education,2006,unknown,USD 5M,corporate;foundations,online-donation,Spanish football foundation,
0345,Fundación Rafael del Pino,Spain,https://www.frdelpino.es,education,2001,unknown,USD 10M,corporate;foundations,online-donation,Spanish scholarship foundation,
0346,Fundación Botín,Spain,https://www.fundacionbotin.org,education,1924,unknown,USD 30M,corporate;foundations,online-donation;multiling-site,Spanish heritage foundation,
0347,Fundación Carmen Gandarias,Spain,https://www.fundacioncgandarias.com,mixed,2010,unknown,USD 5M,corporate;foundations,online-donation,social inclusion foundation,
0348,Fundación también,Spain,https://www.fundaciongtambien.org,mixed,2005,unknown,USD 5M,corporate;foundations,online-donation,inclusion through sport,
0349,Fundación Repsol,Spain,https://www.fundacionrepsol.com,education,2005,unknown,USD 30M,corporate;foundations,online-donation;multiling-site,energy foundation,
0350,Fundación Iberdrola,Spain,https://www.fundacioniberdrola.es,mixed,2002,unknown,USD 20M,corporate;foundations,online-donation;multiling-site,energy foundation,
0351,Fundación Naturgy,Spain,https://www.fundacionnaturgy.org,mixed,2005,unknown,USD 10M,corporate;foundations,online-donation;multiling-site,energy foundation,
0352,Fundación Endesa,Spain,https://www.fundacionendesa.org,mixed,1998,unknown,USD 20M,corporate;foundations,online-donation;multiling-site,energy foundation,
0353,Fundación Cepsa,Spain,https://www.fundacioncepsa.com,mixed,1977,unknown,USD 10M,corporate;foundations,online-donation,energy foundation,
0354,Fundación Banco Santander,Spain,https://www.fundacionbancosantander.com,education,1992,unknown,USD 50M,corporate;foundations,online-donation;multiling-site,banking education foundation,
0355,Fundación BBVA,Spain,https://www.fbbva.es,education,2003,unknown,USD 50M,corporate;foundations,online-donation;multiling-site,banking education foundation,
0356,Fundación Sabadell,Spain,https://www.fundacionbancosabadell.com,mixed,2006,unknown,USD 5M,corporate;foundations,online-donation,banking foundation,
0357,Fundación Bancaria Caixa d'Estalvis,Spain,https://www.fundacioncaixa.org,mixed,2014,unknown,USD 500M,corporate;foundations,online-donation,banking foundation,
0358,Save the Children Spain,Spain,https://www.savethechildren.es,mixed,1990,unknown,USD 30M,individuals;corporate;foundations,online-donation;recurring-giving;annual-report;multiling-site,Spanish affiliate of Save,
0359,UNICEF Spain,Spain,https://www.unicef.es,rights,1961,unknown,USD 100M,individuals;corporate;foundations;events,online-donation;recurring-giving;annual-report;multiling-site;whatsapp-business,UNICEF Spanish committee,
0360,Cruz Roja España,Spain,https://www.cruzroja.es,emergency,1864,unknown,USD 1B,individuals;corporate;government,online-donation;recurring-giving;annual-report;multiling-site,Red Cross Spain,
0361,Cáritas España,Spain,https://www.caritas.es,mixed,1947,unknown,USD 300M,individuals;corporate;foundations,online-donation;recurring-giving;annual-report;multiling-site,Catholic charity Spain,
0362,Manos Unidas,Spain,https://www.manosunidas.org,mixed,1960,unknown,USD 30M,individuals;corporate,online-donation;recurring-giving;annual-report,Catholic development,
0363,Intermón Oxfam,Spain,https://www.oxfamintermon.org,rights,1956,unknown,USD 50M,individuals;corporate;foundations,online-donation;recurring-giving;annual-report;multiling-site,Oxfam Spanish entity,
0364,Médicos Sin Fronteras España,Spain,https://www.msf.es,emergency,1986,unknown,USD 50M,individuals;corporate;foundations,online-donation;recurring-giving;annual-report;multiling-site,MSF Spanish entity,
0365,Amnistia Internacional España,Spain,https://www.es.amnesty.org,rights,1976,unknown,USD 10M,individuals;corporate,online-donation;recurring-giving;annual-report,Amnesty Spanish entity,
0366,Médicos del Mundo España,Spain,https://www.medicosdelmundo.org,health,1990,unknown,USD 10M,individuals;corporate,online-donation;recurring-giving;annual-report,Doctors of the World Spain,
0367,Acnur España,Spain,https://www.acnur.org,emergency,1989,unknown,USD 30M,individuals;corporate;foundations,online-donation;recurring-giving;annual-report;multiling-site,UNHCR Spanish committee,
0368,Aldeas Infantiles SOS España,Spain,https://www.aldeasinfantiles.es,residential care,1964,30k,USD 75M,individuals;corporate;foundations;government;events;merchandise,online-donation;recurring-giving;sponsor-portal;annual-report;multiling-site;email-newsletter;whatsapp-business,63 programs in Spain + international,
0369,Sonrisas de Bombay,Spain,https://sonrisasdebombay.org,mixed,2002,unknown,USD 5M,individuals;corporate;foundations,online-donation;recurring-giving;annual-report,Indian child welfare from Spain,
0370,Fundación Balia,Spain,https://www.fundacionbalia.org,education,1999,unknown,USD 5M,individuals;corporate;foundations,online-donation;recurring-giving;annual-report,Spanish education for disadvantaged,
0371,Fundación Aladina,Spain,https://www.aladina.org,health,2005,unknown,USD 10M,individuals;corporate;foundations,online-donation;recurring-giving;annual-report,Spanish pediatric oncology,
0372,Fundación Pequeño Deseo,Spain,https://www.fpdeseo.org,rights,2000,unknown,USD 5M,individuals;corporate;foundations;events,online-donation;recurring-giving,Spanish wish-granting for sick kids,
0373,Fundación Inocente Inocente,Spain,https://www.inocenteinocente.org,mixed,1995,unknown,USD 5M,individuals;corporate;foundations,online-donation;recurring-giving;annual-report,Spanish TV telethon foundation,
0374,Fundación DiabetesCERO,Spain,https://www.diabetescero.com,health,2015,unknown,USD 2M,individuals;corporate,online-donation,Spanish diabetes research foundation,
0375,Fundación Juegaterapia,Spain,https://www.juegaterapia.org,health,2011,unknown,USD 5M,individuals;corporate;foundations,online-donation;recurring-giving,Spanish pediatric oncology play therapy,
0376,Fundación Theodora,Spain,https://www.theodora.org,health,2000,unknown,USD 10M,individuals;corporate;foundations,online-donation;recurring-giving;annual-report,hospital clown doctors,
0377,Fundación Atresmedia,Spain,https://www.atresmedia.com,mixed,2013,unknown,USD 10M,corporate;foundations,online-donation,Spanish media foundation,
0378,Fundación Lo Que De Verdad Importa,Spain,https://www.loquedeverdadimporta.org,rights,2007,unknown,USD 2M,individuals;corporate,online-donation,Spanish youth values foundation,
0379,Fundación European Society,Spain,https://www.fundaciones.es,mixed,2007,unknown,USD 2M,individuals;corporate;foundations,online-donation,Spanish foundation platform,
0380,Fundación Lealtad,Spain,https://www.fundacionlealtad.org,rights,2001,unknown,USD 2M,foundations;earned-income,online-donation,Spanish NGO transparency index,
0381,Fundación Hazloposible,Spain,https://www.hazloposible.org,mixed,2000,unknown,USD 2M,individuals;corporate,online-donation,Spanish volunteering + giving platform,
0382,iWith.org,Spain,https://www.iwith.org,rights,2010,unknown,USD 1M,individuals;foundations,online-donation;multiling-site,Spanish NGO online strategy,
0383,Cooperación Internacional ONG,Spain,https://www.cooperacionespanola.org,mixed,1986,unknown,USD 1M,individuals;foundations,online-donation,Spanish NGO coordination,
0384,POI / Plataforma de ONG de Acción Social,Spain,https://www.plataformaong.org,rights,2000,unknown,USD 2M,foundations,online-donation,Spanish NGO coordination,
0385,Asociación Española de Fundaciones,Spain,https://www.fundaciones.org,rights,2003,unknown,USD 2M,individuals;foundations,online-donation,Spanish foundation platform,
0386,Comité Español de UNICEF,Spain,https://www.unicef.es,rights,1961,unknown,USD 50M,individuals;corporate;foundations,online-donation;recurring-giving;annual-report;multiling-site;whatsapp-business,UNICEF Spain,
0387,Fundación Vicente Ferrer,Spain,https://www.fundacionvicenteferrer.org,mixed,1996,unknown,USD 30M,individuals;corporate;foundations,online-donation;recurring-giving;annual-report,Spanish foundation in India,
0388,Fundación Ayduna,Spain,https://www.ayduna.org,mixed,2014,unknown,USD 1M,individuals;corporate;foundations,online-donation,Spanish child nutrition,
0389,Fundación Codespa,Spain,https://www.codespa.org,mixed,1991,unknown,USD 20M,individuals;corporate;foundations;government,online-donation;recurring-giving;annual-report,Spanish development cooperation,
0390,Fundación Cideal,Spain,https://www.cideal.org,mixed,1997,unknown,USD 2M,government;foundations,online-donation,Spanish development cooperation,
0391,Fundación Internacional Olof Palme,Spain,https://www.fundacionpalme.org,rights,2005,unknown,USD 1M,individuals;government,online-donation,Spanish peace foundation,
0392,Fundación Paz y Cooperación,Spain,https://www.paz-cooperacion.org,rights,1983,unknown,USD 1M,individuals;government,online-donation,Spanish peace foundation,
0393,Fundación América,Spain,https://www.fundacionamerica.es,mixed,1992,unknown,USD 2M,individuals;corporate;government,online-donation,Spanish Latin America foundation,
0394,Fundación Carolina,Spain,https://www.fundacioncarolina.es,education,2000,unknown,USD 20M,government;corporate,online-donation;multiling-site,Spanish scholarships for LatAm,
0395,Fundación Telefónica Internacional,Spain,https://www.fundaciontelefonica.com,education,1998,500k,USD 50M,corporate;foundations,online-donation;multiling-site,Spanish LATAM education foundation,
0396,Fundación SES,Argentina,https://www.fundses.org.ar,education,1991,unknown,USD 10M,individuals;corporate;foundations,online-donation;recurring-giving;annual-report,Argentine youth + digital education,
0397,Fundación Irarrázaval,Chile,https://www.fundacionirarraval.cl,mixed,1993,unknown,USD 5M,individuals;corporate;foundations,online-donation,Chilean foundation for disadvantaged,
0398,Fundación Colunga,Chile,https://www.colunga.cl,mixed,2012,unknown,USD 5M,individuals;corporate;foundations,online-donation,Chilean social innovation,
0399,Fundación Luksic,Chile,https://www.fundacionluksic.cl,mixed,1994,unknown,USD 30M,corporate;foundations,online-donation,Chilean corporate foundation,
0400,Fundación Colunga Social,Chile,https://www.colunga.cl,mixed,2012,unknown,USD 5M,individuals;corporate;foundations,online-donation,Chilean education for equity,
0401,Fundación Cumbres,Chile,https://www.fundacioncumbres.cl,mixed,2014,unknown,USD 2M,individuals;corporate,online-donation,Chilean educational program,
0402,Fundación Telefónica Chile,Chile,https://www.fundaciontelefonica.cl,education,2001,unknown,USD 5M,corporate;foundations,online-donation,Chilean corporate education,
0403,Fundación Itaú Chile,Chile,https://www.fundacionitau.cl,mixed,2004,unknown,USD 5M,corporate;foundations,online-donation,Chilean corporate foundation,
0404,Fundación Minera Escondida,Chile,https://www.fme.cl,mixed,1998,unknown,USD 5M,corporate;foundations,online-donation,Chilean mining corporate foundation,
0405,Fundación Educacional Oportunidad,Chile,https://www.oportunidad.cl,education,2006,unknown,USD 5M,individuals;corporate;foundations,online-donation,Chilean school leader program,
0406,Un Techo para mi País,Chile,https://www.untecho.cl,housing,2008,100k,USD 50M,individuals;corporate;foundations;events,online-donation;recurring-giving;annual-report,TECHO parent org in Chile,
0407,Aldeas Infantiles SOS Portugal,Portugal,https://www.aldeiasinfantis-sos.pt,residential care,1964,2k,USD 12M,individuals;corporate;foundations,online-donation;recurring-giving;multiling-site,Portuguese SOS village,
0408,Aldeas Infantiles SOS Brasil / Instituto SOS,Brazil,https://www.institutosos.org.br,residential care,1967,5k,USD 15M,individuals;corporate;foundations;government,online-donation;recurring-giving,Brazilian SOS institute,
0409,Aldeas Infantiles SOS Colômbia,Colombia,https://www.aldeasinfantiles.org.co,residential care,1971,3.5k,USD 10M,individuals;corporate;foundations;government,online-donation;recurring-giving;sponsor-portal,Colombian SOS village,
0410,Kupanda Kids,Global,https://kupandakids.org,education,2012,unknown,USD 1M,individuals;foundations,online-donation,small volunteer-run sponsor platform,
0411,Raise Your Voice,USA,https://www.raiseyourvoice.org,rights,1998,unknown,USD 1M,individuals;foundations,online-donation,small advocacy,
0412,Plumpy'Field / Edesia,USA,https://www.edesianutrition.org,health,2010,unknown,USD 30M,individuals;foundations;government;corporate,online-donation;recurring-giving;annual-report,plumpy'nut nutrition for kids,
0413,Project Peanut Butter,USA,https://www.projectpeanutbutter.org,health,2004,unknown,USD 15M,individuals;foundations,online-donation;recurring-giving;annual-report,RUTF nutrition,
0414,Nothing But Nets,USA,https://www.nothingbutnets.net,health,2006,unknown,USD 30M,individuals;corporate,online-donation,malaria nets campaign,
0415,Stomp Out Malaria,USA,https://stompmalaria.org,health,2012,unknown,USD 5M,individuals;foundations,online-donation,malaria advocacy,
0416,Giving Tuesday,Global,https://www.givingtuesday.org,rights,2012,unknown,USD 10M,foundations;individuals;corporate,online-donation;recurring-giving;multiling-site,global giving day movement,
0417,UNICEF NextGen,USA,https://www.unicefusa.org,rights,2013,unknown,USD 5M,individuals;corporate,online-donation,young donor movement,
0418,LEAD Scholars,USA,https://www.leadcfa.org,education,2007,unknown,USD 5M,individuals;foundations,online-donation,scholarship for foster youth,
0419,SOS Kinderdorf,Austria,https://www.sos-kinderdorf.at,residential care,1949,3k,USD 30M,individuals;corporate;foundations;government,online-donation;recurring-giving;annual-report,founder country; suspended Oct 2025,
0420,SOS Kinderdorf International,Austria,https://www.sos-childrensvillages.org,residential care,1949,130k,USD 1B,individuals;foundations;corporate;government;multilateral;earned-income,online-donation;recurring-giving;sponsor-portal;annual-report;charity-rating;multiling-site,federation HQ Innsbruck,
0421,SOS Kinderdorf Schweiz,Switzerland,https://www.sos-kinderdorf.ch,residential care,1960,1k,USD 12M,individuals;corporate;foundations,online-donation;recurring-giving;multiling-site,Swiss SOS village,
0422,SOS Villages d'Enfants Suisse,Switzerland,https://www.sosvillagesdenfants.ch,residential care,1960,1k,USD 12M,individuals;corporate;foundations,online-donation;recurring-giving;multiling-site,Swiss SOS village French,
0423,SOS Villages d'Enfants Monde,Luxembourg,https://www.sosve.lu,residential care,1963,unknown,USD 3M,individuals;corporate;foundations,online-donation,Luxembourg SOS village,
0424,SOS Kinderdorf Liechtenstein,Liechtenstein,https://www.sos-kinderdorf.li,residential care,1980,unknown,USD 1M,individuals;corporate;foundations,online-donation,Liechtenstein SOS,
0425,SOS Kinderdorf Norwegen,Norway,https://www.sos-barnebyer.no,residential care,1960,1k,USD 15M,individuals;corporate;foundations,online-donation;recurring-giving;multiling-site,Norwegian SOS,
0426,SOS Barnebyer Norge,Norway,https://www.sos-barnebyer.no,residential care,1960,1k,USD 15M,individuals;corporate;foundations,online-donation;recurring-giving;multiling-site,Norwegian SOS,
0427,SOS Children International Norway,Norway,https://www.sos-barnebyer.no,residential care,1960,1k,USD 15M,individuals;corporate;foundations,online-donation;recurring-giving,Norwegian SOS,
0428,SOS Children Villages Denmark,Denmark,https://www.sos-boernebyerne.dk,residential care,1963,500,USD 5M,individuals;corporate;foundations,online-donation;recurring-giving,Danish SOS village,
0429,SOS Children Villages Finland,Finland,https://www.sos-lapsikylat.fi,residential care,1963,500,USD 5M,individuals;corporate;foundations,online-donation;recurring-giving;multiling-site,Finnish SOS village,
0430,SOS Children Villages Iceland,Iceland,https://www.sos.is,residential care,1980,unknown,USD 1M,individuals;corporate;foundations,online-donation,Icelandic SOS,
0431,SOS Children Villages Ireland,Ireland,https://www.soschildrensvillages.ie,residential care,1963,unknown,USD 3M,individuals;corporate;foundations,online-donation;recurring-giving,Irish SOS village,
0432,SOS Children Villages UK,UK,https://www.soschildren.org.uk,residential care,1963,3k,USD 30M,individuals;corporate;foundations;events,online-donation;recurring-giving;annual-report;charity-rating,UK SOS village,
0433,SOS Children Villages Cyprus,Cyprus,https://www.sos-childrensvillages.org,residential care,1975,200,USD 2M,individuals;corporate;foundations,online-donation,Cypriot SOS,
0434,SOS Children Villages Greece,Greece,https://www.sos.gr,residential care,1975,300,USD 3M,individuals;corporate;foundations,online-donation;recurring-giving,Greek SOS village,
0435,SOS Children Villages Italy,Italy,https://www.sosvillaggideibambini.it,residential care,1960,2k,USD 25M,individuals;corporate;foundations;government,online-donation;recurring-giving;multiling-site,Italian SOS village,
0436,SOS Children Villages Slovenia,Slovenia,https://www.sos-skk.si,residential care,1993,100,USD 1M,individuals;corporate;foundations,online-donation,Slovenian SOS,
0437,SOS Children Villages Croatia,Croatia,https://www.sos-djecjasela.hr,residential care,1991,300,USD 2M,individuals;corporate;foundations,online-donation,Croatian SOS,
0438,SOS Children Villages Serbia,Serbia,https://www.sos-decijasela.org.rs,residential care,2001,200,USD 1M,individuals;corporate;foundations,online-donation,Serbian SOS,
0439,SOS Children Villages Bosnia,Bosnia,https://www.sos-djecja-sela.ba,residential care,1995,200,USD 1M,individuals;corporate;foundations,online-donation,Bosnian SOS,
0440,SOS Children Villages Kosovo,Kosovo,https://www.sos-childrensvillages.org,residential care,2000,200,USD 1M,individuals;corporate;foundations,online-donation,Kosovo SOS,
0441,SOS Children Villages North Macedonia,North Macedonia,https://www.sos-detskasela.mk,residential care,1993,200,USD 1M,individuals;corporate;foundations,online-donation,North Macedonian SOS,
0442,SOS Children Villages Albania,Albania,https://www.sos-fshatrat-e-femijeve.org,residential care,1998,100,USD 1M,individuals;corporate;foundations,online-donation,Albanian SOS,
0443,SOS Children Villages Romania,Romania,https://www.sos-satelele-copiilor.ro,residential care,1990,500,USD 3M,individuals;corporate;foundations,online-donation;recurring-giving,Romanian SOS,
0444,SOS Children Villages Bulgaria,Bulgaria,https://www.sos-balgariya.bg,residential care,1991,200,USD 1M,individuals;corporate;foundations,online-donation,Bulgarian SOS,
0445,SOS Children Villages Hungary,Hungary,https://www.sos-gyermekfalvak.hu,residential care,1991,300,USD 2M,individuals;corporate;foundations,online-donation,Hungarian SOS,
0446,SOS Children Villages Czech Republic,Czech Republic,https://www.sos-vesnicky.cz,residential care,1992,200,USD 1M,individuals;corporate;foundations,online-donation,Czech SOS village,
0447,SOS Children Villages Slovakia,Slovakia,https://www.sos-detske-osady.sk,residential care,1995,200,USD 1M,individuals;corporate;foundations,online-donation,Slovak SOS village,
0448,SOS Children Villages Poland,Poland,https://www.sos-wioskidzieciom.pl,residential care,1984,2k,USD 5M,individuals;corporate;foundations,online-donation;recurring-giving,Polish SOS village,
0449,SOS Children Villages Estonia,Estonia,https://www.sos-lastekula.ee,residential care,1993,100,USD 1M,individuals;corporate;foundations,online-donation,Estonian SOS,
0450,SOS Children Villages Latvia,Latvia,https://www.sos-bernu-ciemati.lv,residential care,1993,100,USD 1M,individuals;corporate;foundations,online-donation,Latvian SOS,
0451,SOS Children Villages Lithuania,Lithuania,https://www.sos-vaiku-kaimai.lt,residential care,1993,100,USD 1M,individuals;corporate;foundations,online-donation,Lithuanian SOS,
0452,SOS Children Villages Russia,Russia,https://www.sos-dd.org,residential care,1994,1k,USD 3M,individuals;corporate;foundations,online-donation,Russian SOS village,
0453,SOS Children Villages Ukraine,Ukraine,https://www.sos-ua.org,residential care,2004,3k,USD 5M,individuals;foundations;multilateral,online-donation;whatsapp-business,Ukrainian SOS village,
0454,SOS Children Villages Moldova,Moldova,https://www.sos-satelele-copiilor.md,residential care,2004,200,USD 1M,individuals;corporate;foundations,online-donation,Moldovan SOS,
0455,SOS Children Villages Belarus,Belarus,https://www.sos-childrensvillages.org,residential care,2005,200,USD 1M,individuals;corporate;foundations,online-donation,Belarusian SOS,
0456,SOS Children Children Kazakhstan,Kazakhstan,https://www.sos-childrensvillages.org,residential care,2003,200,USD 1M,individuals;corporate;foundations,online-donation,Kazakh SOS village,
0457,SOS Children Children Kyrgyzstan,Kyrgyzstan,https://www.sos-childrensvillages.org,residential care,2000,200,USD 1M,individuals;corporate;foundations,online-donation,Kyrgyz SOS,
0458,SOS Children Children Tajikistan,Tajikistan,https://www.sos-childrensvillages.org,residential care,2001,200,USD 1M,individuals;corporate;foundations,online-donation,Tajik SOS,
0459,SOS Children Children Uzbekistan,Uzbekistan,https://www.sos-childrensvillages.org,residential care,2006,200,USD 1M,individuals;corporate;foundations,online-donation,Uzbek SOS,
0460,SOS Children Children Mongolia,Mongolia,https://www.sos-childrensvillages.org,residential care,2000,200,USD 1M,individuals;corporate;foundations,online-donation,Mongolian SOS,
0461,SOS Children Children Georgia,Georgia,https://www.sos-childrensvillages.org,residential care,2000,200,USD 1M,individuals;corporate;foundations,online-donation,Georgian SOS,
0462,SOS Children Children Armenia,Armenia,https://www.sos-childrensvillages.org,residential care,2000,200,USD 1M,individuals;corporate;foundations,online-donation,Armenian SOS,
0463,SOS Children Children Azerbaijan,Azerbaijan,https://www.sos-childrensvillages.org,residential care,2005,200,USD 1M,individuals;corporate;foundations,online-donation,Azerbaijani SOS,
0464,SOS Children Children Turkey,Turkey,https://www.sos-cocuk-koyleri.org,residential care,1968,3k,USD 5M,individuals;corporate;foundations,online-donation;recurring-giving;multiling-site,Turkish SOS village,
0465,SOS Children Children Israel,Israel,https://www.sos-childrensvillages.org,residential care,1980,200,USD 2M,individuals;corporate;foundations,online-donation,Israeli SOS,
0466,SOS Children Children Palestine,Palestine,https://www.sos-childrensvillages.org,residential care,2013,200,USD 1M,individuals;corporate;foundations;multilateral,online-donation,Palestinian SOS,
0467,SOS Children Children Iran,Iran,https://www.sos-childrensvillages.org,residential care,1980,500,USD 2M,individuals;corporate;foundations,online-donation,Iranian SOS,
0468,SOS Children Children Iraq,Iraq,https://www.sos-childrensvillages.org,residential care,1983,500,USD 2M,individuals;corporate;foundations,online-donation,Iraqi SOS,
0469,SOS Children Children Syria,Syria,https://www.sos-childrensvillages.org,residential care,2012,500,USD 2M,individuals;corporate;foundations;multilateral,online-donation,Syrian SOS,
0470,SOS Children Children Yemen,Yemen,https://www.sos-childrensvillages.org,residential care,2015,500,USD 2M,individuals;corporate;foundations;multilateral,online-donation,Yemeni SOS,
0471,SOS Children Children Sudan,Sudan,https://www.sos-childrensvillages.org,residential care,2003,500,USD 2M,individuals;corporate;foundations,online-donation,Sudanese SOS,
0472,SOS Children Children South Sudan,South Sudan,https://www.sos-childrensvillages.org,residential care,2011,500,USD 2M,individuals;corporate;foundations;multilateral,online-donation,South Sudanese SOS,
0473,SOS Children Children Somalia,Somalia,https://www.sos-childrensvillages.org,residential care,2015,200,USD 1M,individuals;corporate;foundations;multilateral,online-donation,Somali SOS,
0474,SOS Children Children Ethiopia,Ethiopia,https://www.sos-childrensvillages.org,residential care,1984,3k,USD 5M,individuals;corporate;foundations,online-donation,Ethiopian SOS,
0475,SOS Children Children Eritrea,Eritrea,https://www.sos-childrensvillages.org,residential care,2010,200,USD 1M,individuals;corporate;foundations,online-donation,Eritrean SOS,
0476,SOS Children Children Djibouti,Djibouti,https://www.sos-childrensvillages.org,residential care,2010,100,USD 1M,individuals;corporate;foundations,online-donation,Djiboutian SOS,
0477,SOS Children Children Madagascar,Madagascar,https://www.sos-childrensvillages.org,residential care,2002,1k,USD 2M,individuals;corporate;foundations,online-donation,Madagascar SOS,
0478,SOS Children Children Mauritius,Mauritius,https://www.sos-childrensvillages.org,residential care,2005,200,USD 1M,individuals;corporate;foundations,online-donation,Mauritian SOS,
0479,SOS Children Children Comoros,Comoros,https://www.sos-childrensvillages.org,residential care,2015,100,USD 1M,individuals;corporate;foundations,online-donation,Comorian SOS,
0480,SOS Children Children Mozambique,Mozambique,https://www.sos-childrensvillages.org,residential care,1989,2k,USD 3M,individuals;corporate;foundations,online-donation,Mozambican SOS,
0481,SOS Children Children Zimbabwe,Zimbabwe,https://www.sos-childrensvillages.org,residential care,1984,2k,USD 3M,individuals;corporate;foundations,online-donation,Zimbabwean SOS,
0482,SOS Children Children Zambia,Zambia,https://www.sos-childrensvillages.org,residential care,1999,1k,USD 2M,individuals;corporate;foundations,online-donation,Zambian SOS,
0483,SOS Children Children Malawi,Malawi,https://www.sos-childrensvillages.org,residential care,2003,1k,USD 2M,individuals;corporate;foundations,online-donation,Malawian SOS,
0484,SOS Children Children Botswana,Botswana,https://www.sos-childrensvillages.org,residential care,2005,200,USD 1M,individuals;corporate;foundations,online-donation,Botswanan SOS,
0485,SOS Children Children Namibia,Namibia,https://www.sos-childrensvillages.org,residential care,1986,1k,USD 2M,individuals;corporate;foundations,online-donation,Namibian SOS,
0486,SOS Children Children Eswatini,Eswatini,https://www.sos-childrensvillages.org,residential care,2005,200,USD 1M,individuals;corporate;foundations,online-donation,Eswatini SOS,
0487,SOS Children Children Lesotho,Lesotho,https://www.sos-childrensvillages.org,residential care,2005,200,USD 1M,individuals;corporate;foundations,online-donation,Lesotho SOS,
0488,SOS Children Children Angola,Angola,https://www.sos-childrensvillages.org,residential care,1990,2k,USD 3M,individuals;corporate;foundations,online-donation,Angolan SOS,
0489,SOS Children Children DR Congo,DR Congo,https://www.sos-childrensvillages.org,residential care,1980,2k,USD 3M,individuals;corporate;foundations,online-donation,Congolese SOS,
0490,SOS Children Children Republic of Congo,Republic of Congo,https://www.sos-childrensvillages.org,residential care,2000,500,USD 1M,individuals;corporate;foundations,online-donation,Congolese SOS Brazzaville,
0491,SOS Children Children Gabon,Gabon,https://www.sos-childrensvillages.org,residential care,2005,200,USD 1M,individuals;corporate;foundations,online-donation,Gabonese SOS,
0492,SOS Children Children Cameroon,Cameroon,https://www.sos-childrensvillages.org,residential care,1974,2k,USD 3M,individuals;corporate;foundations,online-donation,Cameroonian SOS,
0493,SOS Children Children Chad,Chad,https://www.sos-childrensvillages.org,residential care,2004,200,USD 1M,individuals;corporate;foundations,online-donation,Chadian SOS,
0494,SOS Children Children Niger,Niger,https://www.sos-childrensvillages.org,residential care,2006,200,USD 1M,individuals;corporate;foundations,online-donation,Niger SOS,
0495,SOS Children Children Mali,Mali,https://www.sos-childrensvillages.org,residential care,1990,1k,USD 2M,individuals;corporate;foundations,online-donation,Malian SOS,
0496,SOS Children Children Burkina Faso,Burkina Faso,https://www.sos-childrensvillages.org,residential care,1990,1k,USD 2M,individuals;corporate;foundations,online-donation,Burkinabe SOS,
0497,SOS Children Children Senegal,Senegal,https://www.sos-childrensvillages.org,residential care,1986,1k,USD 2M,individuals;corporate;foundations,online-donation,Senegalese SOS,
0498,SOS Children Children Guinea,Guinea,https://www.sos-childrensvillages.org,residential care,2005,500,USD 1M,individuals;corporate;foundations,online-donation,Guinean SOS,
0499,SOS Children Children Sierra Leone,Sierra Leone,https://www.sos-childrensvillages.org,residential care,2005,500,USD 1M,individuals;corporate;foundations,online-donation,Sierra Leonean SOS,
0500,SOS Children Children Liberia,Liberia,https://www.sos-childrensvillages.org,residential care,2006,500,USD 1M,individuals;corporate;foundations,online-donation,Liberian SOS,
0501,SOS Children Children Côte d'Ivoire,Côte d'Ivoire,https://www.sos-childrensvillages.org,residential care,1995,2k,USD 3M,individuals;corporate;foundations,online-donation,Ivorian SOS,
0502,SOS Children Children Togo,Togo,https://www.sos-childrensvillages.org,residential care,1985,1k,USD 2M,individuals;corporate;foundations,online-donation,Togolese SOS,
0503,SOS Children Children Benin,Benin,https://www.sos-childrensvillages.org,residential care,1986,500,USD 1M,individuals;corporate;foundations,online-donation,Beninese SOS,
0504,SOS Children Children Mauritania,Mauritania,https://www.sos-childrensvillages.org,residential care,2000,200,USD 1M,individuals;corporate;foundations,online-donation,Mauritanian SOS,
0505,SOS Children Children Tunisia,Tunisia,https://www.sos-childrensvillages.org,residential care,2010,100,USD 1M,individuals;corporate;foundations,online-donation,Tunisian SOS,
0506,SOS Children Children Libya,Libya,https://www.sos-childrensvillages.org,residential care,2015,200,USD 1M,individuals;corporate;foundations;multilateral,online-donation,Libyan SOS,
0507,SOS Children Children Algeria,Algeria,https://www.sos-childrensvillages.org,residential care,2010,100,USD 1M,individuals;corporate;foundations,online-donation,Algerian SOS,
0508,SOS Children Children Rwanda,Rwanda,https://www.sos-childrensvillages.org,residential care,1994,2k,USD 3M,individuals;corporate;foundations,online-donation,Rwandan SOS,
0509,SOS Children Children Burundi,Burundi,https://www.sos-childrensvillages.org,residential care,2000,500,USD 1M,individuals;corporate;foundations,online-donation,Burundian SOS,
0510,SOS Children Children Uganda,Uganda,https://www.sos-childrensvillages.org,residential care,1990,5k,USD 8M,individuals;foundations,online-donation,Ugandan SOS,
0511,SOS Children Children Kenya,Kenya,https://www.sos-childrensvillages.or.ke,residential care,1973,5k,USD 10M,individuals;corporate;foundations;government,online-donation;recurring-giving;annual-report,Kenyan SOS,
0512,SOS Children Children Tanzania,Tanzania,https://www.sos-tanzania.org,residential care,1991,3k,USD 5M,individuals;foundations,online-donation,Tanzanian SOS,
0513,SOS Children Children Bangladesh,Bangladesh,https://www.sos-childrensvillages.org,residential care,1973,5k,USD 5M,individuals;corporate;foundations,online-donation,Bangladeshi SOS,
0514,SOS Children Children Nepal,Nepal,https://www.sos-childrensvillages.org,residential care,1972,2k,USD 3M,individuals;corporate;foundations,online-donation,Nepali SOS,
0515,SOS Children Children Bhutan,Bhutan,https://www.sos-childrensvillages.org,residential care,2010,100,USD 1M,individuals;corporate;foundations,online-donation,Bhutanese SOS,
0516,SOS Children Children Myanmar,Myanmar,https://www.sos-childrensvillages.org,residential care,1995,2k,USD 3M,individuals;corporate;foundations,online-donation,Myanmar SOS,
0517,SOS Children Children Sri Lanka,Sri Lanka,https://www.sos-childrensvillages.org,residential care,1980,1k,USD 2M,individuals;corporate;foundations,online-donation,Sri Lankan SOS,
0518,SOS Children Children Maldives,Maldives,https://www.sos-childrensvillages.org,residential care,2010,100,USD 1M,individuals;corporate;foundations,online-donation,Maldivian SOS,
0519,SOS Children Children Pakistan,Pakistan,https://www.sos-childrensvillages.org,residential care,1980,5k,USD 8M,individuals;corporate;foundations,online-donation,Pakistani SOS,
0520,SOS Children Children Afghanistan,Afghanistan,https://www.sos-childrensvillages.org,residential care,2003,1k,USD 2M,individuals;corporate;foundations;multilateral,online-donation,Afghan SOS,
0521,SOS Children Children USA,USA,https://www.sos-usa.org,residential care,1963,3k,USD 50M,individuals;corporate;foundations;events,online-donation;recurring-giving;sponsor-portal;annual-report;charity-rating,American SOS village,
0522,SOS Children Children Hawaii,Hawaii,https://www.sos-childrensvillages.org,residential care,2003,200,USD 5M,individuals;corporate;foundations,online-donation,Hawaii SOS,
0523,SOS Children Children Canada,Canada,https://www.soschildrensvillages.ca,residential care,1969,1.5k,USD 15M,individuals;corporate;foundations,online-donation;recurring-giving;sponsor-portal;annual-report;charity-rating;multiling-site,Canadian SOS,
0524,Fundación JUCONI,Ecuador,https://www.juconi.org.ec,mixed,1994,5k,USD 2M,individuals;foundations;corporate,online-donation;recurring-giving;annual-report,trauma-informed + family therapy model,original JUCONI model
0525,Fundación JUCONI México,Mexico,https://www.juconi.org.mx,mixed,2005,3k,USD 1M,individuals;foundations;corporate,online-donation;recurring-giving,Mexican JUCONI replication,
0526,Fundación JUCONI USA,USA,https://juconi-us.org,rights,2009,unknown,USD 500k,individuals;foundations,online-donation,JUCONI US advocacy,
0527,Fundación JUCONI Guatemala,Guatemala,https://juconi.org.gt,mixed,2005,2k,USD 1M,individuals;foundations;corporate,online-donation,Guatemalan JUCONI,
0528,Fundación JUCONI Paraguay,Paraguay,https://www.juconi.org.py,mixed,2005,1k,USD 500k,individuals;foundations;corporate,online-donation;recurring-giving,Paraguayan JUCONI,
0529,International Childcare Trust,UK,https://www.internationalchildcaretrust.org,health,1922,unknown,USD 2M,individuals;foundations,online-donation;recurring-giving,long-running global health NGO,
0530,The Population Council,USA,https://www.popcouncil.org,rights,1952,unknown,USD 100M,foundations;government,online-donation;annual-report,reproductive health + rights research,
0531,Childline International,Global,https://www.childline.org,rights,1969,unknown,USD 50M,individuals;foundations;government,online-donation;recurring-giving;multiling-site,child helpline model,
0532,Childline India,India,https://www.childlineindia.org.in,rights,1996,unknown,USD 10M,individuals;foundations;government,online-donation,1098 helpline India,
0533,Childline South Africa,South Africa,https://www.childlinesa.org.za,rights,1990,unknown,USD 5M,individuals;foundations;government,online-donation,South African helpline,
0534,Childline Kenya,Kenya,https://www.childlinekenya.org,rights,2003,unknown,USD 3M,individuals;foundations;government,online-donation,Kenyan helpline 116,
0535,Childline Philippines,Philippines,https://www.childhope.org.ph,rights,1988,unknown,USD 2M,individuals;foundations;government,online-donation,Filipino helpline,
0536,Childline UK,UK,https://www.childline.org.uk,rights,1986,unknown,USD 30M,individuals;corporate;foundations,online-donation;recurring-giving;annual-report;charity-rating,NSPCC helpline,
0537,Helplines Partnership,UK,https://helplines.org,rights,1982,unknown,USD 1M,individuals;foundations,online-donation,helpline association UK,
0538,International Federation of Telephonic Emergency Services,Global,https://www.ifotes.org,rights,2000,unknown,USD 1M,individuals;foundations,online-donation,helpline federation,
0539,Darkness to Light,USA,https://www.d2l.org,rights,2000,unknown,USD 10M,individuals;foundations;corporate,online-donation;recurring-giving;annual-report,child sexual abuse prevention training,
0540,Stop It Now,USA,https://www.stopitnow.org,rights,1995,unknown,USD 5M,individuals;foundations,online-donation,child sexual abuse prevention,
0541,Mama Cash,Netherlands,https://www.mamacash.org,rights,1983,unknown,USD 10M,foundations,online-donation;recurring-giving,women + girls rights fund,
0542,Global Fund for Women,USA,https://www.globalfundforwomen.org,rights,1987,unknown,USD 30M,individuals;foundations,online-donation;recurring-giving;annual-report;charity-rating,women + girls funding,
0543,Foundation for a Just Society,USA,https://www.fjs.org,rights,2012,unknown,USD 10M,foundations,online-donation,justice funding,
0544,NoVo Foundation,USA,https://novofoundation.org,rights,2006,unknown,USD 100M,foundations,online-donation,large foundation + movement,
0545,Vulcan Foundation,USA,https://www.vulcan.com,rights,1986,unknown,USD 100M,foundations,online-donation,Paul Allen's foundation,
0546,Bill & Melinda Gates Foundation,USA,https://www.gatesfoundation.org,rights,2000,unknown,USD 7B,foundations;earned-income,online-donation;recurring-giving;annual-report,largest US foundation,
0547,Ford Foundation,USA,https://www.fordfoundation.org,rights,1936,unknown,USD 16B,foundations;earned-income,online-donation;recurring-giving;annual-report,global development + rights,
0548,MacArthur Foundation,USA,https://www.macfound.org,rights,1978,unknown,USD 8B,foundations;earned-income,online-donation;recurring-giving;annual-report,big US foundation,
0549,Rockefeller Foundation,USA,https://www.rockefellerfoundation.org,rights,1913,unknown,USD 5B,foundations;earned-income,online-donation;recurring-giving;annual-report,oldest US foundation,
0550,Hewlett Foundation,USA,https://www.hewlett.org,rights,1966,unknown,USD 11B,foundations;earned-income,online-donation;recurring-giving;annual-report,Hewlett-Packard fortune,
0551,Packard Foundation,USA,https://www.packard.org,rights,1964,unknown,USD 8B,foundations;earned-income,online-donation;recurring-giving;annual-report,Hewlett-Packard foundation,
0552,Kellogg Foundation,USA,https://www.wkkf.org,rights,1930,unknown,USD 13B,foundations;earned-income,online-donation;recurring-giving;annual-report,Kellogg fortune foundation,
0553,Mott Foundation,USA,https://www.mott.org,rights,1926,unknown,USD 6B,foundations;earned-income,online-donation;recurring-giving;annual-report,General Motors foundation,
0554,Open Society Foundations,USA,https://www.opensocietyfoundations.org,rights,1993,unknown,USD 15B,foundations;earned-income,online-donation;recurring-giving;annual-report,George Soros foundation,
0555,Clinton Foundation,USA,https://www.clintonfoundation.org,rights,2001,unknown,USD 500M,foundations;earned-income,online-donation;recurring-giving;annual-report,Clinton family foundation,
0556,Obama Foundation,USA,https://www.obama.org,rights,2014,unknown,USD 500M,individuals;corporate;foundations,online-donation;recurring-giving;annual-report,Obama foundation,
0557,Carter Center,USA,https://www.cartercenter.org,rights,1982,unknown,USD 300M,individuals;corporate;foundations,online-donation;recurring-giving;annual-report,former president foundation,
0558,Bloomberg Philanthropies,USA,https://www.bloomberg.org,rights,2006,unknown,USD 1B,individuals;earned-income,online-donation;recurring-giving;annual-report,Bloomberg foundation,
0559,Schmidt Futures,USA,https://www.schmidtfutures.com,rights,2018,unknown,USD 1B,foundations,online-donation,Schmidt foundation,
0560,Tides Foundation,USA,https://www.tides.org,rights,1976,unknown,USD 500M,foundations,online-donation;recurring-giving,fiscal sponsor + progressive funding,
0561,Fidelity Charitable,USA,https://www.fidelitycharitable.org,rights,1991,unknown,USD 10B,individual,online-donation;recurring-giving;annual-report,donor-advised fund platform,
0562,Schwab Charitable,USA,https://www.schwabcharitable.org,rights,1999,unknown,USD 5B,individual,online-donation;recurring-giving;annual-report,donor-advised fund platform,
0563,Vanguard Charitable,USA,https://www.vanguardcharitable.org,rights,1997,unknown,USD 3B,individual,online-donation;recurring-giving;annual-report,donor-advised fund platform,
0564,National Philanthropic Trust,USA,https://www.nptrust.org,rights,1996,unknown,USD 2B,individual,online-donation;recurring-giving;annual-report,donor-advised fund platform,
0565,Jewish Communal Fund,USA,https://www.jewishcommunal.org,rights,1969,unknown,USD 3B,individual,online-donation;recurring-giving;annual-report,DAF + Jewish giving,
0566,Silicon Valley Community Foundation,USA,https://www.siliconvalleycf.org,rights,2007,unknown,USD 13B,individual,online-donation;recurring-giving;annual-report,large US community foundation,
0567,Ford Family Foundation,USA,https://www.fordfamily.org,rights,1957,unknown,USD 1B,individual,online-donation;recurring-giving;annual-report,Oregon foundation,
0568,Helmsley Trust,USA,https://www.helmsleytrust.org,rights,2008,unknown,USD 9B,individual,online-donation,Helmsley fortune,
0569,Vulcan Capital,USA,https://www.vulcan.com,rights,1986,unknown,USD 100M,earned-income,online-donation,Paul Allen's investments,
0570,Chan Zuckerberg Initiative,USA,https://chanzuckerberg.com,rights,2015,unknown,USD 10B,individual,online-donation;recurring-giving;annual-report,Zuckerberg philanthropy,
0571,Dangote Foundation,Nigeria,https://www.dangote.com,rights,1994,unknown,USD 1B,individual,online-donation,African largest foundation,
0572,Bharti Foundation,India,https://www.bhartifoundation.org,rights,2000,unknown,USD 100M,corporate,online-donation,Indian telecom foundation,
0573,Reliance Foundation,India,https://www.reliancefoundation.org,rights,2010,unknown,USD 500M,corporate,online-donation,Indian industrial foundation,
0574,Adani Foundation,India,https://www.adanifoundation.com,rights,1996,unknown,USD 100M,corporate,online-donation,Indian industrial foundation,
0575,Tata Trusts,India,https://www.tatatrusts.org,rights,1892,unknown,USD 5B,corporate,online-donation;recurring-giving,oldest Indian foundation,
0576,Infosys Foundation,India,https://www.infosys.com/infosys-foundation,rights,1996,unknown,USD 50M,corporate,online-donation,Indian IT foundation,
0577,Mahindra Foundation,India,https://www.mahindra.com,rights,2005,unknown,USD 100M,corporate,online-donation,Indian industrial foundation,
0578,Wipro Foundation,India,https://www.wipro.com,rights,1999,unknown,USD 100M,corporate,online-donation,Indian IT foundation,
0579,HCL Foundation,India,https://www.hclfoundation.org,rights,2006,unknown,USD 30M,corporate,online-donation,Indian IT foundation,
0580,L&T Foundation,India,https://www.lntsustainability.com,rights,2002,unknown,USD 30M,corporate,online-donation,Indian industrial foundation,
0581,Axis Bank Foundation,India,https://www.axisbank.com,rights,2003,unknown,USD 30M,corporate,online-donation,Indian bank foundation,
0582,HDFC Foundation,India,https://www.hdfcfoundation.com,rights,2010,unknown,USD 30M,corporate,online-donation,Indian bank foundation,
0583,ICICI Foundation,India,https://www.icicifoundation.org,rights,2008,unknown,USD 30M,corporate,online-donation,Indian bank foundation,
0584,SBI Foundation,India,https://www.sbifoundation.in,rights,2012,unknown,USD 30M,corporate,online-donation,Indian bank foundation,
0585,Telenor Foundation,Norway,https://www.telenor.com,rights,2000,unknown,USD 30M,corporate,online-donation,Norwegian telecom foundation,
0586,GSMA Mobile for Development,Global,https://www.gsma.com,rights,2007,unknown,USD 100M,corporate,online-donation,mobile industry NGO,
0587,GSMA Connected Society,USA,https://www.gsma.com,rights,2019,unknown,USD 50M,corporate,online-donation,mobile industry inclusion,
0588,GSMA Connected Women,USA,https://www.gsma.com,rights,2019,unknown,USD 30M,corporate,online-donation,mobile industry gender equity,
0589,GSMA Digital Identity,USA,https://www.gsma.com,rights,2017,unknown,USD 30M,corporate,online-donation,mobile identity,
0590,GSMA AgriTech,USA,https://www.gsma.com,rights,2016,unknown,USD 30M,corporate,online-donation,mobile agriculture,
0591,GSMA Innovation Fund,USA,https://www.gsma.com,rights,2018,unknown,USD 30M,corporate,online-donation,mobile innovation fund,
0592,GSMA Financial Inclusion,USA,https://www.gsma.com,rights,2015,unknown,USD 50M,corporate,online-donation,mobile money,
0593,ASHA (American School Health Association),USA,https://www.ashaweb.org,health,1927,unknown,USD 5M,individuals;foundations,online-donation,school health association,
0594,International School Health Network,Global,https://www.internationalschoolhealth.org,health,2008,unknown,USD 5M,individuals;foundations,online-donation,global school health,
0595,GLSEN,USA,https://www.glsen.org,rights,1990,unknown,USD 10M,individuals;foundations;corporate,online-donation;recurring-giving,LGBTQ student advocacy,
0596,PFLAG,USA,https://pflag.org,rights,1973,unknown,USD 10M,individuals;foundations;corporate,online-donation;recurring-giving;annual-report,LGBTQ family advocacy,
0597,Trevor Project,USA,https://www.thetrevorproject.org,rights,1998,unknown,USD 30M,individuals;foundations;corporate,online-donation;recurring-giving;annual-report;charity-rating,LGBTQ youth suicide hotline,
0598,It Gets Better Project,USA,https://itgetsbetter.org,rights,2010,unknown,USD 10M,individuals;foundations;corporate,online-donation,LGBTQ youth media,
0599,Trans Youth Equality Foundation,USA,https://www.transyouthequality.org,rights,2012,unknown,USD 5M,individuals;foundations,online-donation,transgender youth advocacy,
0600,Point Foundation,USA,https://www.pointfoundation.org,rights,2011,unknown,USD 10M,individuals;foundations;corporate,online-donation;recurring-giving;annual-report,LGBTQ scholarships,
0601,Hetrick-Martin Institute,USA,https://www.hmi.org,rights,1979,unknown,USD 10M,individuals;foundations;government,online-donation;recurring-giving;annual-report,LGBTQ youth services,
0602,Ali Forney Center,USA,https://www.aliforneycenter.org,rights,2002,unknown,USD 10M,individuals;foundations;government,online-donation;recurring-giving,LGBTQ homeless youth,
0603,Ruth Ellis Center,USA,https://www.ruthelliscenter.org,rights,1999,unknown,USD 5M,individuals;foundations;government,online-donation,LGBTQ homeless youth Detroit,
0604,CenterLink,USA,https://www.lgbtcenters.org,rights,1994,unknown,USD 5M,individuals;foundations;corporate,online-donation,LGBTQ community center network,
0605,MAP (Movement Advancement Project),USA,https://www.lgbtmap.org,rights,2006,unknown,USD 10M,foundations,online-donation,LGBTQ policy research,
0606,NBJC (National Black Justice Coalition),USA,https://nbjc.org,rights,2003,unknown,USD 5M,individuals;foundations,online-donation,Black LGBTQ advocacy,
0607,HRC Foundation,USA,https://www.hrc.org,rights,1980,unknown,USD 30M,individuals;corporate;foundations,online-donation;recurring-giving;annual-report,Human Rights Campaign foundation,
0608,Family Acceptance Project,USA,https://familyproject.sfsu.edu,rights,2002,unknown,USD 5M,foundations,online-donation,San Francisco State research,
0609,Gender Spectrum,USA,https://www.genderspectrum.org,rights,2009,unknown,USD 3M,individuals;foundations,online-donation,gender diversity education,
0610,TYFA (Trans Youth Family Allies),USA,https://www.imatyfa.org,rights,2006,unknown,USD 2M,individuals;foundations,online-donation,trans youth family support,
0611,TSER (Trans Student Educational Resources),USA,https://www.transstudent.org,rights,2011,unknown,USD 1M,individuals;foundations,online-donation,trans student advocacy,
0612,InterACT,USA,https://interactadvocates.org,rights,2006,unknown,USD 2M,individuals;foundations,online-donation,intersex youth advocacy,
0613,hi (Humanity & Inclusion),France,https://www.hi.org,rights,1982,unknown,USD 200M,individuals;corporate;foundations;government,online-donation;recurring-giving;annual-report;multiling-site,disability inclusion global,
0614,Special Olympics,USA,https://www.specialolympics.org,rights,1968,unknown,USD 200M,individuals;corporate;foundations,online-donation;recurring-giving;annual-report;charity-rating;multiling-site,athletes with intellectual disabilities,
0615,Paralympic Movement,Global,https://www.paralympic.org,rights,1989,unknown,USD 100M,government;corporate;foundations,online-donation;multiling-site,paralympic sport movement,
0616,American Association of People with Disabilities,USA,https://www.aapd.com,rights,1995,unknown,USD 10M,individuals;foundations;corporate,online-donation;recurring-giving,disability rights,
0617,National Disability Rights Network,USA,https://www.ndrn.org,rights,1982,unknown,USD 30M,government;foundations,online-donation,disability legal advocacy,
0618,Autism Speaks,USA,https://www.autismspeaks.org,rights,2005,unknown,USD 60M,individuals;foundations;corporate,online-donation;recurring-giving;annual-report;charity-rating,autism advocacy,
0619,Autism Society of America,USA,https://autismsociety.org,rights,1965,unknown,USD 10M,individuals;foundations,online-donation;recurring-giving;annual-report,autism advocacy,
0620,Autistica,UK,https://www.autistica.org.uk,rights,2004,unknown,USD 5M,individuals;foundations,online-donation;recurring-giving,autism research UK,
0621,Ambitious about Autism,UK,https://www.ambitiousaboutautism.org.uk,rights,1997,unknown,USD 10M,individuals;foundations,online-donation;recurring-giving,autism education UK,
0622,National Autistic Society,UK,https://www.autism.org.uk,rights,1962,unknown,USD 30M,individuals;foundations,online-donation;recurring-giving;annual-report,UK autism org,
0623,Include Me,USA,https://www.includemeva.org,rights,2010,unknown,USD 5M,individuals;foundations;government,online-donation,disability inclusion global,
0624,Sightsavers,UK,https://www.sightsavers.org,health,1950,unknown,USD 100M,individuals;corporate;foundations;government,online-donation;recurring-giving;annual-report;charity-rating,eye care globally,
0625,CBM (Christian Blind Mission),Germany,https://www.cbm.org,health,1908,unknown,USD 100M,individuals;corporate;foundations,online-donation;recurring-giving;annual-report;multiling-site,disability + eye care global,
0626,Orbis International,USA,https://www.orbis.org,health,1982,unknown,USD 100M,individuals;corporate;foundations,online-donation;recurring-giving;annual-report;charity-rating,flying eye hospital,
0627,Helen Keller International,USA,https://www.hki.org,health,1915,unknown,USD 80M,individuals;corporate;foundations;government,online-donation;recurring-giving;annual-report,nutrition + vision,
0628,Fred Hollows Foundation,Australia,https://www.hollows.org,health,1992,unknown,USD 100M,individuals;corporate;foundations,online-donation;recurring-giving;annual-report,eye care Asia-Pacific,
0629,Lighthouse Guild,USA,https://www.lighthouseguild.org,health,1903,unknown,USD 50M,individuals;corporate;foundations,online-donation;recurring-giving;annual-report,vision + hearing loss,
0630,Childhood Cancer Foundation,USA,https://www.childhoodcancerfoundation.org,health,1998,unknown,USD 10M,individuals;corporate;foundations,online-donation,childhood cancer support,
0631,National Pediatric Cancer Foundation,USA,https://nationalpcf.org,health,1991,unknown,USD 10M,individuals;corporate;foundations,online-donation;recurring-giving,childhood cancer research,
0632,Kids v Cancer,USA,https://www.kidsvcancer.org,rights,2009,unknown,USD 5M,individuals;foundations;corporate,online-donation,childhood cancer advocacy,
0633,St Baldrick's Foundation,USA,https://www.stbaldricks.org,health,1999,unknown,USD 100M,individuals;corporate;events,online-donation;recurring-giving;annual-report;charity-rating,childhood cancer research,
0634,Alex's Lemonade Stand,USA,https://www.alexslemonade.org,health,2005,unknown,USD 30M,individuals;corporate;events,online-donation;recurring-giving;annual-report;charity-rating,childhood cancer research,
0635,Cancer Research UK,UK,https://www.cancerresearchuk.org,health,2002,unknown,USD 1B,individuals;corporate;events,online-donation;recurring-giving;annual-report;charity-rating,UK cancer research incl. children,
0636,Leukemia & Lymphoma Society,USA,https://www.lls.org,health,1949,unknown,USD 500M,individuals;corporate;events,online-donation;recurring-giving;annual-report;charity-rating,cancer research + patient services,
0637,American Academy of Pediatrics,USA,https://www.aap.org,health,1930,unknown,USD 200M,individuals;foundations,online-donation,pediatrician association,
0638,WHO Children,Global,https://www.who.int,health,1948,unknown,USD 1B,government;multilateral,online-donation,WHO global health,
0639,Save the Mothers,Canada,https://www.savethemothers.org,health,2000,unknown,USD 5M,individuals;foundations,online-donation,maternal health,
0640,Every Mother Counts,USA,https://everymothercounts.org,health,2010,unknown,USD 10M,individuals;foundations;corporate,online-donation;recurring-giving;annual-report,maternal health (Christy Turlington),
0641,White Ribbon Alliance,Global,https://www.whiteribbonalliance.org,rights,1999,unknown,USD 10M,foundations;government,online-donation,safe motherhood global,
0642,Girl Effect,UK,https://www.girleffect.org,rights,2010,unknown,USD 50M,foundations;government,online-donation,Nike + NoVo funded girls work,
0643,She Should Run,USA,https://www.sheshouldrun.org,rights,2010,unknown,USD 5M,individuals;foundations,online-donation,women leadership,
0644,When We All Vote,USA,https://www.whenweallvote.org,rights,2018,unknown,USD 10M,individuals;corporate,online-donation,voting rights,
0645,DoSomething.org,USA,https://www.dosomething.org,rights,1993,unknown,USD 10M,individuals;foundations;corporate,online-donation,youth volunteer platform,
0646,Global Citizen,USA,https://www.globalcitizen.org,rights,2008,unknown,USD 100M,individuals;corporate;foundations,online-donation,global anti-poverty advocacy,
0647,ONE Campaign,USA,https://www.one.org,rights,2004,unknown,USD 100M,individuals;corporate;foundations,online-donation,anti-poverty advocacy (Bono),
0648,(RED),USA,https://www.red.org,health,2006,unknown,USD 100M,individuals;corporate,online-donation,HIV/AIDS product partnership,
0649,Product (RED),USA,https://www.red.org,health,2006,unknown,USD 100M,individuals;corporate,online-donation,product partnership AIDS,
0650,Global Fund to Fight AIDS,Global,https://www.theglobalfund.org,health,2002,unknown,USD 4B,government;corporate;foundations,online-donation;recurring-giving,largest AIDS funder,
0651,Elizabeth Glaser Pediatric AIDS Foundation,USA,https://www.pedaids.org,health,1988,unknown,USD 100M,individuals;foundations;corporate;government,online-donation;recurring-giving;annual-report,pediatric AIDS,
0652,mothers2mothers,South Africa,https://www.m2m.org,health,2001,unknown,USD 30M,individuals;foundations;corporate;government,online-donation;recurring-giving;annual-report,HIV-positive mothers peer education,
0653,Clinton Health Access Initiative,USA,https://www.clintonhealthaccess.org,health,2002,unknown,USD 200M,foundations;government,online-donation,global health access,
0654,Partners in Health,USA,https://www.pih.org,health,1987,unknown,USD 200M,individuals;foundations;government;corporate,online-donation;recurring-giving;annual-report,global health equity,
0655,MSF USA,USA,https://www.doctorswithoutborders.org,health,1971,unknown,USD 2B,individuals;foundations;corporate,online-donation;recurring-giving;annual-report;charity-rating,Doctors Without Borders USA,
0656,Partners in Health Haiti,Haiti,https://www.pih.org,health,1985,unknown,USD 100M,individuals;foundations;government,online-donation;recurring-giving,Haiti global health,
0657,Partners in Health Rwanda,Rwanda,https://www.pih.org,health,2005,unknown,USD 50M,individuals;foundations;government,online-donation,Rwanda global health,
0658,Partners in Health Peru,Peru,https://www.pih.org,health,1994,unknown,USD 30M,individuals;foundations;government,online-donation,Peru global health,
0659,Partners in Health Liberia,Liberia,https://www.pih.org,health,2014,unknown,USD 30M,individuals;foundations;government,online-donation,Liberia Ebola response,
0660,Partners in Health Malawi,Malawi,https://www.pih.org,health,2007,unknown,USD 30M,individuals;foundations;government,online-donation,Malawi global health,
0661,SOS Hermano Mayor,Paraguay,https://www.hermanomayor.org.py,mixed,2007,5k,USD 1M,individuals;corporate;foundations,online-donation;recurring-giving;annual-report,elderly + youth accompaniment,PY aging population
0662,Fundación CIRD,Paraguay,https://www.cird.org.py,mixed,1989,unknown,USD 20M,multilateral;foundations;government,whatsapp-business,CIRD umbrella org,
0663,Paz del Chaco,Paraguay,https://www.fundacionpazdelchaco.org,education,2005,unknown,USD 500k,individuals;corporate;foundations,online-donation,education in Chaco,
0664,El Surco,Paraguay,https://www.elsurco.org.py,education,2005,unknown,USD 500k,individuals;corporate;foundations,online-donation,rural education,
0665,Aldea del Niño,Paraguay,https://www.facebook.com/AldeaDelNino,residential care,1990,50,unknown,individuals;events;donations-in-kind,facebook,children's home in Encarnación,
0666,Fundación R.I.O.,Paraguay,https://www.fundacionrio.org.py,education,2003,unknown,USD 500k,individuals;corporate;foundations,online-donation,PY rural education,
0667,Casa de la Cultura,Paraguay,https://www.casadeculturapy.com,education,1995,unknown,USD 500k,individuals;corporate;foundations,online-donation,arts education,
0668,Fundación Moisés Bertoni,Paraguay,https://www.mbertoni.org,mixed,1920,unknown,USD 2M,individuals;corporate;foundations;multilateral,online-donation;recurring-giving;annual-report,conservation + community dev,historic PY foundation
0669,Guyra Paraguay,Paraguay,https://www.guyra.org.py,mixed,1997,unknown,USD 5M,individuals;corporate;foundations;multilateral,online-donation;recurring-giving;annual-report,conservation + community dev,bird conservation PY
0670,WWF Paraguay,Paraguay,https://www.wwf.org.py,mixed,1998,unknown,USD 3M,individuals;corporate;foundations,online-donation,WWF PY,
0671,Fundación Dequení,Paraguay,https://www.dequeni.org.py,mixed,1985,unknown,USD 1M,individuals;corporate;foundations,online-donation,PY child + family,
0672,Fundación María de la Asunción,Paraguay,https://www.fundacionmariadelaasuncion.org,education,1990,unknown,USD 500k,individuals;corporate;foundations,online-donation,PY cultural education,
0673,Patronato Nacional de la Infancia,Paraguay,https://www.patronato.gov.py,mixed,1948,unknown,USD 5M,government,online-donation,PY child welfare state agency,
0674,Secretaría Nacional de la Niñez,Paraguay,https://www.ninez.gov.py,rights,1998,unknown,USD 10M,government,online-donation,PY child rights agency,
0675,Ministerio de la Niñez Paraguay,Paraguay,https://www.ninez.gov.py,rights,1998,unknown,USD 10M,government,online-donation,PY ministry of childhood,
0676,CODENI (Coordinadora por los Derechos de la Niñez),Paraguay,https://www.codeniparaguay.org,rights,1999,unknown,USD 500k,foundations,online-donation,PY children's rights coordination,
0677,Movimiento por la Educación Paraguaya,Paraguay,https://www.moviemientoporlaedu.org,education,2005,unknown,USD 500k,individuals;corporate,online-donation,PY education movement,
0678,Asunción Civic Innovation Lab,Paraguay,https://www.acilab.org,mixed,2019,unknown,USD 500k,foundations;corporate,online-donation,PY civic tech,
0679,Inventiva,Paraguay,https://www.inventiva.com.py,rights,2010,unknown,USD 1M,individuals;corporate;foundations,online-donation;recurring-giving,PY youth leadership org,
0680,Fundación de Empresas Unidas,Paraguay,https://www.ceu.org.py,mixed,1988,unknown,USD 1M,corporate,online-donation,PY corporate foundation network,
0681,Fundación Esposa del Presidente,Paraguay,https://www.fep.org.py,mixed,2000,unknown,USD 5M,government,online-donation,PY presidential spouse foundation,
0682,CEPAG,Paraguay,https://www.cepag.org.py,education,1970,unknown,USD 1M,individuals;corporate;foundations,online-donation,PY Jesuit social work,
0683,Centro Educativo Arambaré,Paraguay,https://www.arambare.edu.py,education,1985,unknown,USD 500k,individuals;corporate;foundations,online-donation,PY alternative education,
0684,Centro de Estudios Paraguayos,Paraguay,https://www.cep.org.py,mixed,1983,unknown,USD 500k,individuals;foundations,online-donation,PY think tank,
0685,Tekove Katu,Paraguay,https://www.tekovekatu.org,education,2000,unknown,USD 500k,individuals;corporate;foundations,online-donation,PY indigenous education,
0686,Pastoral Social Paraguay,Paraguay,https://www.pastoralsocial.org.py,mixed,1985,unknown,USD 1M,individuals;corporate,online-donation,PY Catholic charity,
0687,Caritas Paraguay,Paraguay,https://www.caritas.org.py,mixed,1959,unknown,USD 2M,individuals;corporate;foundations,online-donation;recurring-giving,PY Catholic relief,
0688,Cruz Roja Paraguay,Paraguay,https://www.cruzroja.org.py,emergency,1920,unknown,USD 3M,individuals;corporate;government,online-donation;recurring-giving;annual-report,Red Cross PY,
0689,Aldeas Infantiles SOS Paraguay,Paraguay,https://www.aldeasinfantiles.org.py,residential care,1970,1k,unknown,individuals;corporate;foundations;government;sponsorships,online-donation;recurring-giving;sponsor-portal;annual-report;multiling-site,village model in PY,RUC 80016122
0690,UNICEF Paraguay,Paraguay,https://www.unicef.org/paraguay,rights,1954,unknown,USD 5M,multilateral;individuals;corporate,online-donation;recurring-giving;annual-report,UNICEF PY office,
0691,Plan International Paraguay,Paraguay,https://www.plan-international.org,sponsorship,1993,5k,USD 2M,individuals;corporate;foundations,online-donation;recurring-giving;sponsor-portal;multiling-site,PY Plan office,
0692,World Vision Paraguay,Paraguay,https://www.worldvision.org,mixed,1981,unknown,USD 2M,individuals;corporate;foundations,online-donation;recurring-giving;sponsor-portal;annual-report,PY World Vision office,
0693,Compassion Paraguay,Paraguay,https://www.compassion.com,sponsorship,2001,unknown,USD 1M,individuals;foundations,online-donation;recurring-giving;sponsor-portal,Compassion PY,
0694,Habitat for Humanity Paraguay,Paraguay,https://www.habitat.org.py,housing,1992,unknown,USD 1M,individuals;corporate;foundations,online-donation,PY Habitat office,
0695,Fundación Tigo Paraguay,Paraguay,https://www.fundaciontigo.org.py,education,2007,unknown,USD 2M,corporate;foundations,online-donation;multiling-site,Tigo telecom foundation PY,
0696,Fundación MAPFRE Paraguay,Paraguay,https://www.mapfre.com.py,mixed,2010,unknown,USD 500k,corporate,online-donation,PY MAPFRE foundation,
0697,Fundación Nikkei-Center,Paraguay,https://www.nikkei-center.org,education,1996,unknown,USD 500k,individuals;corporate,online-donation,PY Japanese cultural center,
0698,Centro Cultural de España Juan de Salazar,Paraguay,https://www.ccjs.org.py,education,1970,unknown,USD 1M,government,online-donation,Spanish cultural center PY,
0699,Embajada de Japón Fundación,Paraguay,https://www.py.emb-japan.go.jp,education,1990,unknown,USD 500k,government,online-donation,Japanese embassy programs PY,
0700,USAID Paraguay,Paraguay,https://www.usaid.gov,mixed,1990,unknown,USD 30M,government,online-donation,USAID PY programs,
0701,BID Paraguay,Paraguay,https://www.iadb.org,mixed,1990,unknown,USD 50M,multilateral,online-donation,IDB PY office,
0702,Banco Mundial Paraguay,Paraguay,https://www.bancomundial.org,mixed,1990,unknown,USD 50M,multilateral,online-donation,World Bank PY office,
0703,PNUD Paraguay,Paraguay,https://www.py.undp.org,mixed,1975,unknown,USD 10M,multilateral,online-donation,UNDP PY office,
0704,OIT Paraguay,Paraguay,https://www.ilo.org,mixed,1990,unknown,USD 5M,multilateral,online-donation,ILO PY office,
0705,FAO Paraguay,Paraguay,https://www.fao.org,mixed,1990,unknown,USD 5M,multilateral,online-donation,FAO PY office,
0706,OMS Paraguay,Paraguay,https://www.who.int,mixed,1990,unknown,USD 5M,multilateral,online-donation,WHO PY office,
0707,UNICEF Componente Educación,Paraguay,https://www.unicef.org/paraguay,education,1990,unknown,USD 5M,multilateral,online-donation,UNICEF education in PY,
0708,Plan Internacional Educa,Paraguay,https://www.plan-international.org,education,1993,unknown,USD 2M,individuals;corporate;foundations,online-donation,Plan International PY education,
0709,Aldeas Infantiles SOS Paraguay Hohenau,Paraguay,https://www.aldeasinfantiles.org.py,residential care,1985,200,unknown,individuals;corporate;foundations,online-donation,Aldea Hohenau Itapúa,
0710,Aldeas Infantiles SOS Paraguay Asunción,Paraguay,https://www.aldeasinfantiles.org.py,residential care,1970,300,unknown,individuals;corporate;foundations,online-donation,Aldea Asunción Zeballos Cué,
0711,Aldeas Infantiles SOS Paraguay Luque,Paraguay,https://www.aldeasinfantiles.org.py,residential care,1975,200,unknown,individuals;corporate;foundations,online-donation,Aldea Luque Central,
0712,Aldeas Infantiles SOS Paraguay San Ignacio,Paraguay,https://www.aldeasinfantiles.org.py,residential care,1975,200,unknown,individuals;corporate;foundations,online-donation,Aldea San Ignacio Misiones,
0713,Aldeas Infantiles SOS Paraguay Belén,Paraguay,https://www.aldeasinfantiles.org.py,residential care,1990,100,unknown,individuals;corporate;foundations,online-donation,Aldea Belén Concepción,
0714,Compassion International Paraguay,Paraguay,https://www.compassion.com,sponsorship,2001,unknown,USD 1M,individuals;foundations,online-donation;recurring-giving;sponsor-portal,PY sponsorship,
0715,Fundación Visitación,Paraguay,https://www.visitation.org,education,1955,unknown,USD 1M,individuals;corporate;foundations,online-donation,PY religious education,
0716,Fundación Ñeembucú,Paraguay,https://www.fundacionneembucu.org.py,education,2000,unknown,USD 500k,individuals;corporate;foundations,online-donation,PY Ñeembucú region education,
0717,Red de Voluntarios Paraguay,Paraguay,https://www.voluntarios.org.py,mixed,2005,unknown,USD 500k,individuals;corporate,online-donation,PY volunteer network,
0718,G100 Paraguay,Paraguay,https://www.g100.org.py,mixed,2015,unknown,USD 500k,individuals;corporate;foundations,online-donation,PY civic leadership network,
0719,Asociación Paraguaya de ONGs,Paraguay,https://www.apo.org.py,rights,1995,unknown,USD 500k,foundations,online-donation,PY NGO network,
0720,Plataforma Paraguay,Paraguay,https://www.plataformaparaguay.org,mixed,2008,unknown,USD 500k,individuals;corporate,online-donation,PY civic platform,
0721,Ruvara,Paraguay,https://www.ruvara.org,education,2005,unknown,USD 500k,individuals;corporate;foundations,online-donation,PY youth arts,
0722,El Hogar,Paraguay,https://www.elhogar.org.py,mixed,1990,unknown,USD 500k,individuals;corporate,online-donation,PY elderly + family,
0723,Aldeas Infantiles SOS Paraguay Proyecto Ojoykére,Paraguay,https://www.aldeasinfantiles.org.py,prevention,2024,1k,unknown,individuals;corporate;foundations,online-donation,2024 prevention program,Tablada Nueva Aug 2026 fair
0724,Fundación Aldeas Infantiles Paraguay,Paraguay,https://www.aldeasinfantiles.org.py,residential care,1970,unknown,unknown,individuals;corporate,online-donation,fictional legal entity placeholder,
0725,Conexiones Solidarias,Paraguay,https://www.conexionessolidarias.org,mixed,2005,unknown,USD 500k,individuals;corporate;foundations,online-donation,PY citizen engagement,
0726,Fundación Pueblo,Paraguay,https://www.fundacionpueblo.org,education,2000,unknown,USD 500k,individuals;corporate;foundations,online-donation,PY adult literacy,
0727,Fundación Yvy Marane'y,Paraguay,https://www.yvymarane.org,education,2005,unknown,USD 500k,individuals;corporate;foundations,online-donation,PY indigenous education,
0728,Fundación El Compromiso,Paraguay,https://www.elcompromiso.org,mixed,2010,unknown,USD 500k,individuals;corporate;foundations,online-donation,PY youth employment,
0729,Compassión Paraguay Esperanza,Paraguay,https://www.compassion.com,sponsorship,2005,unknown,USD 500k,individuals,online-donation,PY youth sponsorship,
0730,Aldeas Infantiles SOS Paraguay Voluntariado,Paraguay,https://www.aldeasinfantiles.org.py,mixed,1970,unknown,unknown,individuals,online-donation,PY volunteer portal placeholder,
0731,Hope for Kids International,Paraguay,https://www.hopeforkids.org,residential care,2000,100,USD 500k,individuals;corporate;foundations,online-donation,PY Christian children home,
0732,Lighthouse Children's Home,Paraguay,https://www.lighthousepy.org,residential care,2008,50,USD 200k,individuals;corporate;foundations,online-donation,Christian children's home PY,
0733,Manos Abiertas,Paraguay,https://www.manosabiertas.org,mixed,2005,100,USD 200k,individuals;corporate,online-donation,Christian child welfare PY,
0734,Casa del Padre,Paraguay,https://www.facebook.com/casadelpadre,residential care,2000,30,unknown,individuals,facebook,Christian children's home,
0735,Hogar de los Niñas,Paraguay,https://www.hogardelasninas.org,residential care,1995,50,unknown,individuals;corporate,online-donation,girls' home PY,
0736,CASA HOGAR,Paraguay,https://www.casahogar.org.py,residential care,1990,40,unknown,individuals;corporate,online-donation,small children's home,
0737,Comedor San Antonio,Paraguay,https://www.facebook.com/comedorsantonio,education,2000,200,unknown,individuals;events;donations-in-kind,facebook,food + education PY,
0738,Chernobyl Children's International,UK,https://www.cci.org.uk,rights,1992,unknown,USD 5M,individuals;foundations,online-donation,rest & respite for Chernobyl kids,
0739,Kids of Bulgaria,Bulgaria,https://www.kidsofbulgaria.org,education,2003,unknown,USD 500k,individuals;foundations,online-donation,rural Bulgaria children,
0740,Sodoshima Kids Project,Japan,https://www.sodoshima.jp,education,2010,unknown,USD 500k,individuals;foundations,online-donation,Japanese regional kids,
0741,Kidogo,Kenya,https://www.kidogo.co,education,2013,unknown,USD 2M,individuals;foundations,online-donation,Nairobi daycare network,
0742,Hatch,USA,https://www.hatch.org,education,2008,unknown,USD 2M,individuals;foundations;corporate,online-donation,early childhood ed tech,
0743,New Teacher Center,USA,https://newteachercenter.org,education,1998,unknown,USD 50M,foundations;government,online-donation,teacher training,
0744,Teach for All,Global,https://teachforall.org,education,2007,unknown,USD 100M,foundations;corporate;individuals,online-donation;recurring-giving,global network of Teach For ___,
0745,Teach For All (modeled),Global,https://teachforall.org,education,2007,unknown,USD 100M,individuals;corporate,online-donation,network model,
0746,INJAZ,Global,https://www.injaz.org,education,1974,unknown,USD 30M,corporate;foundations,online-donation,youth entrepreneurship JA,
0747,JA (Junior Achievement),USA,https://www.ja.org,education,1919,unknown,USD 300M,corporate;foundations,online-donation;recurring-giving,youth entrepreneurship ed,
0748,Junior Achievement Worldwide,USA,https://www.jaworldwide.org,education,1919,unknown,USD 300M,corporate;foundations,online-donation;multiling-site,JA global,
0749,Dream a Dream,India,https://www.dreamadream.org,education,1999,unknown,USD 5M,individuals;foundations;corporate,online-donation,Indian youth after-school,
0750,Pratham,USA,https://www.pratham.org,education,1994,unknown,USD 50M,individuals;foundations;corporate,online-donation;recurring-giving,Indian education,
0751,Teach For India,India,https://www.teachforindia.org,education,2008,unknown,USD 10M,individuals;corporate;foundations,online-donation,Indian teaching corps,
0752,Asha for Education,USA,https://www.ashanet.org,education,1991,unknown,USD 5M,individuals;foundations,online-donation,Indian education diaspora,
0753,Akshaya Patra,India,https://www.akshayapatra.org,education,2000,unknown,USD 100M,individuals;corporate;foundations,online-donation;recurring-giving,Indian school meals,
0754,Magic Bus,India,https://www.magicbus.org,education,1999,unknown,USD 10M,individuals;foundations;corporate,online-donation,Indian youth education,
0755,CRY (Child Rights and You),India,https://www.cry.org,rights,1979,unknown,USD 10M,individuals;foundations;corporate,online-donation;recurring-giving,Indian child rights,
0756,HAQ Centre for Child Rights,India,https://www.haqcrc.org,rights,2000,unknown,USD 2M,individuals;foundations,online-donation,Indian child rights,
0757,Childline India Foundation,India,https://www.childlineindia.org.in,rights,1996,unknown,USD 10M,individuals;foundations;government,online-donation,1098 helpline India,
0758,Butterflies,India,https://www.butterflieschildrights.org,rights,1989,unknown,USD 5M,individuals;foundations,online-donation,Indian street children,
0759,Salaam Baalak Trust,India,https://www.salaambaalaktrust.com,residential care,1988,unknown,USD 5M,individuals;foundations;corporate,online-donation,Indian street children Delhi,
0760,AASHA,India,https://www.aasha.org,residential care,1995,unknown,USD 1M,individuals;foundations,online-donation,Indian children's home,
0761,SOS Children's Villages India,India,https://www.soschildrensvillages.in,residential care,1964,25k,USD 30M,individuals;corporate;foundations;government,online-donation;recurring-giving;sponsor-portal;annual-report;multiling-site,largest SOS in Asia,
0762,Catalyst Foundation,India,https://www.catalyst.org,rights,1962,unknown,USD 50M,foundations;corporate,online-donation,Indian women's workplace equity,
0763,Avaz,India,https://www.avaz.in,rights,2012,unknown,USD 5M,individuals;foundations,online-donation,Indian speech device for children,
0764,Special Olympics Bharat,India,https://www.specialolympicsbharat.org,rights,2001,unknown,USD 5M,individuals;foundations;corporate,online-donation,Indian disability sports,
0765,MYRADA,India,https://www.myrada.org,mixed,1968,unknown,USD 10M,individuals;foundations,online-donation,Indian rural development,
0766,Amar Jyoti,India,https://www.amarjyoti.org,education,1981,unknown,USD 2M,individuals;foundations;corporate,online-donation,Indian inclusive education,
0767,Manav Seva Sansthan,India,https://www.manavsevasansthan.org,mixed,1985,unknown,USD 1M,individuals;foundations,online-donation,Indian welfare org,
0768,Mahesh Foundation,India,https://www.mahesh.org,education,2000,unknown,USD 500k,individuals;corporate,online-donation,Indian youth sports,
0769,Manthan,India,https://www.manthan-india.org,education,2005,unknown,USD 500k,individuals;foundations,online-donation,Indian youth innovation,
0770,Childaid Network,Germany,https://www.childaid.net,education,2003,unknown,USD 5M,individuals;foundations,online-donation,German foundation for street children,
0771,Childaid Network India,India,https://www.childaid.net,education,2003,unknown,USD 3M,individuals;foundations,online-donation,German Indian street children,
0772,Childaid Network Thailand,Thailand,https://www.childaid.net,education,2005,unknown,USD 1M,individuals;foundations,online-donation,German Thai,
0773,SOLE Colombia,Colombia,https://www.solemultitransmedia.com,education,2002,unknown,USD 1M,individuals;foundations,online-donation,Colombian education media,
0774,Fundación FEMSA,Mexico,https://www.femsa.com,mixed,1996,unknown,USD 30M,corporate,online-donation,Mexican Coca-Cola Femsa foundation,
0775,Fundación Banorte,Mexico,https://www.fundacionbanorte.com,mixed,2001,unknown,USD 30M,corporate,online-donation,Mexican bank foundation,
0776,Fundación BBVA Mexico,Mexico,https://www.fundacionbbva.mx,mixed,2003,unknown,USD 20M,corporate,online-donation,Mexican BBVA,
0777,Fundación Santander Mexico,Mexico,https://www.fundacionbsantander.com.mx,mixed,2002,unknown,USD 20M,corporate,online-donation,Mexican Santander,
0778,Fundación Coppel,Mexico,https://www.fundacioncoppel.org,mixed,2002,unknown,USD 30M,corporate,online-donation,Mexican Coppel,
0779,Fundación Walmart,Mexico,https://www.fundacionwalmart.org,mixed,2002,unknown,USD 50M,corporate,online-donation,Mexican Walmart foundation,
0780,Fundación Carlos Slim,Mexico,https://www.fundacioncarlosslim.org,mixed,1986,unknown,USD 50M,corporate,online-donation,Mexican Slim foundation,
0781,Fundación Azteca,Mexico,https://www.fundacionazteca.org,mixed,1996,unknown,USD 30M,corporate,online-donation,Mexican Azteca foundation,
0782,Fundación TV Azteca,Mexico,https://www.tvazteca.com,mixed,1997,unknown,USD 10M,corporate,online-donation,Mexican TV Azteca,
0783,Fundación CINIA,Mexico,https://www.fundacioncinia.org,rights,2004,unknown,USD 10M,individuals;corporate;foundations,online-donation,Mexican child rights research,
0784,Fundación Josep Carreras,Spain,https://www.fcarreras.org,health,1988,unknown,USD 30M,individuals;corporate;foundations,online-donation;recurring-giving;annual-report,Spanish leukemia foundation,
0785,Fundación Lucha Contra el Cáncer,Spain,https://www.fundacioncontraelcancer.org,health,1953,unknown,USD 100M,individuals;corporate;foundations,online-donation;recurring-giving,Spanish cancer foundation,
0786,Cáritas Española,Spain,https://www.caritas.es,mixed,1947,unknown,USD 300M,individuals;corporate;foundations,online-donation;recurring-giving,Spanish Catholic charity,
0787,Vicente Ferrer Foundation,India,https://www.fundacionvicenteferrer.org,mixed,1996,unknown,USD 20M,individuals;corporate;foundations,online-donation,Spanish Indian partnership,
0788,Fundación Hazlo Posible,Spain,https://www.hazloposible.org,rights,2000,unknown,USD 2M,individuals;corporate,online-donation,Spanish platform,
0789,Asociación Nuevo Futuro,Spain,https://www.nuevofuturo.org,residential care,1968,unknown,USD 5M,individuals;corporate,online-donation,Spanish children's home,
0790,Asociación Mensajeros de la Paz,Spain,https://www.mensajerosdelapaz.com,residential care,1962,unknown,USD 10M,individuals;corporate;foundations,online-donation,Spanish children's home,
0791,Aldeas Infantiles SOS España Melilla,Spain,https://www.aldeasinfantiles.es,residential care,2010,unknown,USD 1M,individuals;corporate,online-donation,SOS Melilla,
0792,Aldeas Infantiles SOS España Ceuta,Spain,https://www.aldeasinfantiles.es,residential care,2010,unknown,USD 1M,individuals;corporate,online-donation,SOS Ceuta,
0793,Aldeas Infantiles SOS Canarias,Spain,https://www.aldeasinfantiles.es,residential care,2015,unknown,USD 1M,individuals;corporate,online-donation,SOS Canarias,
0794,Aldeas Infantiles SOS Galicia,Spain,https://www.aldeasinfantiles.es,residential care,2018,unknown,USD 1M,individuals;corporate,online-donation,SOS Galicia,
0795,Fundación AMREF,Spain,https://www.amref.es,health,2002,unknown,USD 10M,individuals;corporate;foundations,online-donation,Spanish AMREF Africa,
0796,AMREF Flying Doctors,Kenya,https://amref.org,health,1957,unknown,USD 100M,individuals;corporate;foundations,online-donation;recurring-giving;annual-report,African health NGO,
0797,AMREF USA,USA,https://amref.org,health,2000,unknown,USD 10M,individuals;corporate,online-donation,African health US,
0798,AMREF Spain,Spain,https://amref.es,health,2002,unknown,USD 10M,individuals;corporate;foundations,online-donation,African health Spain,
0799,Amref Health Africa,Kenya,https://amref.org,health,1957,unknown,USD 100M,individuals;corporate;foundations;multilateral,online-donation;recurring-giving;annual-report,main African health NGO,
0800,Project H Design,USA,https://www.projecthdesign.org,education,2008,unknown,USD 5M,individuals;foundations;corporate,online-donation,design-for-good org,
0801,Design for Change,Global,https://www.dfcworld.com,education,2009,unknown,USD 5M,individuals;foundations;corporate,online-donation,design thinking for kids,
0802,Ashoka,Global,https://www.ashoka.org,rights,1980,unknown,USD 100M,foundations;corporate,online-donation;recurring-giving;annual-report,global network of social entrepreneurs,
0803,Ashoka USA,USA,https://www.ashoka.org,rights,1980,unknown,USD 30M,foundations;corporate,online-donation,Ashoka US,
0804,Ashoka Europe,Europe,https://www.ashoka.org,rights,2000,unknown,USD 30M,foundations;corporate,online-donation,Ashoka Europe,
0805,Ashoka Africa,Africa,https://www.ashoka.org,rights,2005,unknown,USD 10M,foundations;corporate,online-donation,Ashoka Africa,
0806,Ashoka Latin America,Latin America,https://www.ashoka.org,rights,2000,unknown,USD 10M,foundations;corporate,online-donation,Ashoka LatAm,
0807,Ashoka India,India,https://www.ashoka.org,rights,2005,unknown,USD 10M,foundations;corporate,online-donation,Ashoka India,
0808,Echoing Green,USA,https://www.echoinggreen.org,rights,1987,unknown,USD 30M,foundations;corporate,online-donation,fellowship for social entrepreneurs,
0809,Skoll Foundation,USA,https://www.skoll.org,rights,1999,unknown,USD 500M,foundations,online-donation,Skoll social entrepreneur,
0810,Schwab Foundation,Switzerland,https://www.schwabfoundation.org,rights,1998,unknown,USD 50M,corporate,online-donation,World Economic Forum social,
0811,Clinton Global Initiative,USA,https://www.clintonglobalinitiative.org,rights,2005,unknown,USD 50M,foundations;corporate,online-donation,CGI commitment platform,
0812,Unreasonable Group,USA,https://www.unreasonablegroup.com,rights,2009,unknown,USD 30M,foundations;corporate,online-donation,unreasonable entrepreneur accelerator,
0813,Village Capital,USA,https://www.vilcap.com,rights,2009,unknown,USD 30M,foundations;corporate,online-donation,entrepreneur peer-selection,
0814,Acumen,USA,https://acumen.org,rights,2001,unknown,USD 200M,foundations;corporate,online-donation;recurring-giving,patient capital for poor,
0815,New Profit,USA,https://www.newprofit.org,rights,1998,unknown,USD 100M,foundations;corporate,online-donation,venture philanthropy,
0816,Omidyar Network,USA,https://www.omidyar.com,rights,2004,unknown,USD 1B,individual,online-donation,eBay founder impact investing,
0817,USAID Impact Investing,USA,https://www.usaid.gov,rights,2015,unknown,USD 100M,government,online-donation,USAID impact,
0818,FMO Ventures,Netherlands,https://www.fmo.nl,rights,2010,unknown,USD 100M,government,online-donation,Dutch development bank,
0819,KfW Development Bank,Germany,https://www.kfw-entwicklungsbank.de,rights,1960,unknown,USD 5B,government,online-donation,German development bank,
0820,DFID UK,UK,https://www.gov.uk/government/organisations/foreign-commonwealth-development-office,rights,1997,unknown,USD 5B,government,online-donation,UK development agency,
0821,GIZ Germany,Germany,https://www.giz.de,rights,1975,unknown,USD 3B,government,online-donation,German development agency,
0822,AECID Spain,Spain,https://www.aecid.es,rights,1988,unknown,USD 1B,government,online-donation,Spanish development agency,
0823,AECID Paraguay,Paraguay,https://www.aecid.es,rights,2000,unknown,USD 10M,government,online-donation,Spanish development in PY,
0824,KOICA Korea,South Korea,https://www.koica.go.kr,rights,1991,unknown,USD 1B,government,online-donation,Korean development,
0825,JICA Japan,Japan,https://www.jica.go.jp,rights,2003,unknown,USD 1B,government,online-donation,Japanese development,
0826,USAID Women + Children,USA,https://www.usaid.gov,rights,1990,unknown,USD 100M,government,online-donation,USAID women children,
0827,Pepal,UK,https://www.pepal.org,mixed,2008,unknown,USD 2M,individuals;foundations;corporate,online-donation,leadership development NGO,
0828,BridgingApps,USA,https://www.bridgingapps.org,education,2010,unknown,USD 2M,individuals;foundations;corporate,online-donation,app review for special needs,
0829,Aira Tech Corp,USA,https://www.aira.io,rights,2015,unknown,USD 30M,foundations;corporate;earned-income,online-donation,visual interpretation for blind,
0830,Be My Eyes,Denmark,https://www.bemyeyes.com,rights,2012,unknown,USD 30M,individuals;foundations;earned-income,online-donation,visual assistance app,
0831,OrCam,Israel,https://www.orcam.com,rights,2010,unknown,USD 200M,foundations;earned-income,online-donation,wearable AI for blind,
0832,Liberty Science Center,USA,https://www.lsc.org,education,1993,unknown,USD 30M,individuals;corporate;foundations,online-donation,science center for kids,
0833,Exploratorium,USA,https://www.exploratorium.edu,education,1969,unknown,USD 30M,individuals;corporate;foundations,online-donation,science museum,
0834,Children's Discovery Museum,USA,https://www.cdm.org,education,1985,unknown,USD 5M,individuals;corporate;foundations,online-donation,kids discovery museum,
0835,Sesame Workshop,USA,https://www.sesameworkshop.org,education,1969,unknown,USD 100M,individuals;corporate;foundations,online-donation;recurring-giving,Sesame Street education,
0836,Sesame Street International,Global,https://www.sesameworkshop.org,education,1969,unknown,USD 50M,foundations;corporate;government,online-donation;multiling-site,international Sesame Street,
0837,Nickelodeon,USA,https://www.nick.com,education,1979,unknown,USD 5B,corporate,online-donation,kids TV network,
0838,Disney Citizenship,USA,https://citizenship.disney.com,rights,2012,unknown,USD 200M,corporate,online-donation,Disney corporate citizenship,
0839,Hasbro Children's Fund,USA,https://www.hasbro.com,rights,1984,unknown,USD 10M,corporate,online-donation,Hasbro toy company foundation,
0840,Mattel Children's Foundation,USA,https://www.mattel.com,rights,1978,unknown,USD 10M,corporate,online-donation,Mattel toy company foundation,
0841,LEGO Foundation,Denmark,https://www.legofoundation.com,education,1986,unknown,USD 100M,corporate,online-donation,LEGO foundation,
0842,LEGO Group,Denmark,https://www.lego.com,rights,1932,unknown,USD 10B,earned-income,online-donation,LEGO corporate citizenship,
0843,Microsoft YouthSpark,USA,https://www.microsoft.com,education,2012,unknown,USD 500M,corporate,online-donation,Microsoft youth education,
0844,Google.org,USA,https://www.google.org,rights,2005,unknown,USD 1B,corporate,online-donation,Google corporate foundation,
0845,Google.org AI for Social Good,USA,https://www.google.org,rights,2018,unknown,USD 100M,corporate,online-donation,Google AI for social good,
0846,Salesforce.org,USA,https://www.salesforce.org,mixed,1999,unknown,USD 50M,corporate,online-donation,Salesforce nonprofit program,
0847,Amazon Smile,USA,https://www.amazon.com,rights,2013,unknown,USD 100M,corporate,online-donation,Amazon charity (now shut down),
0848,Facebook (Meta) Community Help,USA,https://www.facebook.com,rights,2020,unknown,USD 100M,corporate,online-donation,Meta community help,
0849,Apple GiveBack,USA,https://www.apple.com,rights,2018,unknown,USD 50M,corporate,online-donation,Apple donation program,
0850,IBM Corporate Citizenship,USA,https://www.ibm.com/responsibility,rights,1950,unknown,USD 200M,corporate,online-donation,IBM citizenship,
0851,Cisco Networking Academy,USA,https://www.netacad.com,education,1997,unknown,USD 200M,corporate,online-donation,Cisco education program,
0852,Salesforce Trailhead,USA,https://trailhead.salesforce.com,education,2014,unknown,USD 100M,corporate,online-donation,Salesforce free learning,
0853,GitHub Education,USA,https://education.github.com,education,2014,unknown,USD 50M,corporate,online-donation,GitHub student program,
0854,Hour of Code,USA,https://www.hourofcode.com,education,2013,unknown,USD 20M,individuals;corporate;foundations,online-donation,Code.org Hour of Code,
0855,Girls Who Code,USA,https://girlswhocode.com,education,2012,unknown,USD 30M,individuals;corporate;foundations,online-donation,girls coding education,
0856,Black Girls Code,USA,https://www.blackgirlscode.com,education,2011,unknown,USD 30M,individuals;corporate;foundations,online-donation,Black girls coding,
0857,Technovation,USA,https://www.technovation.org,education,2006,unknown,USD 10M,individuals;corporate;foundations,online-donation,girls app entrepreneurship,
0858,STEM for Her,USA,https://www.stemforher.org,education,2015,unknown,USD 5M,individuals;corporate;foundations,online-donation,girls in STEM,
0859,Webwise,Ireland,https://www.webwise.ie,rights,2014,unknown,USD 5M,individuals;corporate;foundations,online-donation,Irish youth internet safety,
0860,Common Sense Education,USA,https://www.commonsense.org/education,rights,2003,unknown,USD 50M,individuals;corporate;foundations,online-donation,digital literacy K-12,
0861,Netsafe,New Zealand,https://www.netsafe.org.nz,rights,1998,unknown,USD 5M,individuals;corporate;foundations,online-donation,NZ internet safety,
0862,Childnet,UK,https://www.childnet.com,rights,1995,unknown,USD 5M,individuals;corporate;foundations,online-donation,UK child internet safety,
0863,Australian eSafety Commissioner,Australia,https://www.esafety.gov.au,rights,2015,unknown,USD 50M,government,online-donation,Australian eSafety,
0864,NoBullying.com,USA,https://nobullying.com,rights,2013,unknown,USD 500k,individuals;corporate,online-donation,anti-bullying website,
0865,PACER's National Bullying Prevention Center,USA,https://www.pacer.org/bullying,rights,2006,unknown,USD 5M,foundations;individuals,online-donation,US anti-bullying center,
0866,Born This Way Foundation,USA,https://bornthisway.foundation,rights,2012,unknown,USD 10M,individuals;corporate;foundations,online-donation,Lady Gaga foundation,
0867,Kind Campaign,USA,https://www.kindcampaign.org,rights,2009,unknown,USD 5M,individuals;corporate;foundations,online-donation,girl-against-girl bullying,
0868,Cyber Smile Foundation,UK,https://www.cybersmile.org,rights,2012,unknown,USD 5M,individuals;corporate;foundations,online-donation,cyberbullying support,
0869,Stomp Out Bullying,USA,https://www.stompoutbullying.org,rights,2005,unknown,USD 5M,individuals;corporate;foundations,online-donation,US anti-bullying org,
0870,Free Children Children Children,Global,https://www.freethechildren.org,mixed,1995,unknown,USD 10M,individuals;corporate;foundations,online-donation,alt name,
0871,Free the Children (WE Charity),Canada,https://www.freethechildren.com,mixed,1995,unknown,USD 50M,individuals;corporate;foundations,online-donation,WE Charity,
0872,Room to Read Asia,Asia,https://www.roomtoread.org,education,2000,unknown,USD 50M,individuals;corporate;foundations,online-donation,Room to Read Asia,
0873,Room to Read Africa,Africa,https://www.roomtoread.org,education,2010,unknown,USD 20M,individuals;corporate;foundations,online-donation,Room to Read Africa,
0874,Room to Read South Asia,South Asia,https://www.roomtoread.org,education,2000,unknown,USD 30M,individuals;corporate;foundations,online-donation,Room to Read South Asia,
0875,STARS,Global,https://www.starsandfamily.org,rights,2005,unknown,USD 1M,individuals;foundations,online-donation,small advocacy,
0876,Street Child,UK,https://www.street-child.org,rights,2008,unknown,USD 10M,individuals;foundations;corporate,online-donation,street children global,
0877,Street Child Cricket,UK,https://www.street-child.org/cricket,rights,2015,unknown,USD 5M,individuals;foundations;corporate,online-donation,street children cricket World Cup,
0878,Consuelo Foundation,USA,https://www.consuelo.org,rights,1982,unknown,USD 10M,individuals;foundations,online-donation,street children MX,
0879,Associates for International Development,USA,https://www.aidinternational.org,rights,1995,unknown,USD 2M,individuals;foundations,online-donation,small advocacy,
0880,World Bicycle Relief,USA,https://www.worldbicyclerelief.org,education,2005,unknown,USD 30M,individuals;corporate;foundations,online-donation,bicycles for students,
0881,Bicycles Against Poverty,Sweden,https://www.bicyclesagainstpoverty.org,education,2010,unknown,USD 5M,individuals;foundations;corporate,online-donation,bicycles for development,
0882,Qhubeka,South Africa,https://www.qhubeka.org,education,2005,unknown,USD 10M,individuals;corporate;foundations,online-donation,bicycles for South Africa,
0883,Lively Minds,UK,https://www.livelyminds.org,education,2008,unknown,USD 5M,individuals;foundations,online-donation,early childhood development Ghana,
0884,Busy Chapters,USA,https://www.busychapters.org,education,2015,unknown,USD 1M,individuals;foundations,online-donation,child literacy app,
0885,Pratham Foundation,India,https://www.pratham.org,education,1994,unknown,USD 50M,individuals;foundations;corporate,online-donation;recurring-giving,Indian education,
0886,Pratham USA,USA,https://www.prathamusa.org,education,1996,unknown,USD 30M,individuals;corporate;foundations,online-donation;recurring-giving,Pratham US chapter,
0887,Pratham UK,UK,https://www.pratham.org,education,2005,unknown,USD 5M,individuals;foundations,online-donation,Pratham UK chapter,
0888,Pratham Switzerland,Switzerland,https://www.pratham.org,education,2010,unknown,USD 1M,individuals;foundations,online-donation,Pratham Swiss chapter,
0889,Comic Relief UK,UK,https://www.comicrelief.com,rights,1985,unknown,USD 200M,individuals;corporate;events,online-donation;recurring-giving;annual-report,UK charity telethon Red Nose Day,
0890,Red Nose Day USA,USA,https://rednoseday.org,rights,2015,unknown,USD 30M,individuals;corporate;events,online-donation,US Red Nose Day,
0891,Sport Relief,UK,https://www.sportrelief.com,rights,2002,unknown,USD 100M,individuals;corporate;events,online-donation,UK Sport Relief,
0892,Children in Need,UK,https://www.bbc.co.uk/programmes/b006mvlh,rights,1927,unknown,USD 100M,individuals;corporate;events,online-donation,BBC Children in Need,
0893,Right to Play International,Canada,https://www.righttoplay.com,education,2000,unknown,USD 80M,individuals;corporate;foundations,online-donation;recurring-giving;annual-report;charity-rating,sport for development,
0894,Right to Play USA,USA,https://www.righttoplayusa.org,education,2000,unknown,USD 10M,individuals;corporate,online-donation,RTP USA,
0895,Right to Play UK,UK,https://www.righttoplay.org.uk,education,2000,unknown,USD 10M,individuals;corporate,online-donation,RTP UK,
0896,Right to Play Norway,Norway,https://www.righttoplay.no,education,2005,unknown,USD 5M,individuals;corporate,online-donation,RTP Norway,
0897,Soccer Without Borders,USA,https://www.soccerwithoutborders.org,education,2006,unknown,USD 5M,individuals;corporate;foundations,online-donation,soccer for refugees,
0898,America SCORES,USA,https://www.americascores.org,education,1994,unknown,USD 5M,individuals;corporate;foundations,online-donation,poetry + soccer youth,
0899,Up2Us Sports,USA,https://www.up2ussports.org,education,2010,unknown,USD 5M,individuals;corporate;foundations,online-donation,sports-based youth development,
0900,Playworks,USA,https://www.playworks.org,education,1996,unknown,USD 30M,individuals;corporate;foundations,online-donation;recurring-giving;annual-report,recess program,
0901,Laureus Sport for Good,Global,https://www.laureus.com,education,2000,unknown,USD 100M,individuals;corporate;foundations,online-donation,sport for development global,
0902,Laureus USA,USA,https://www.laureus.com,education,2000,unknown,USD 10M,individuals;corporate;foundations,online-donation,Laureus USA,
0903,Kickstart,UK,https://www.kick-start.org,education,1998,unknown,USD 5M,individuals;corporate;foundations,online-donation,UK youth soccer,
0904,Streetfootballworld,Germany,https://www.streetfootballworld.org,education,2002,unknown,USD 30M,individuals;corporate;foundations,online-donation,soccer for development,
0905,RTM Youth Centre,Thailand,https://www.rtm-foundation.org,education,2010,unknown,USD 1M,individuals;corporate,online-donation,Thai youth soccer,
0906,Promundo,USA,https://promundoglobal.org,rights,1997,unknown,USD 30M,individuals;foundations;corporate,online-donation;recurring-giving;annual-report,men + gender equality,
0907,Sonke Gender Justice,South Africa,https://www.genderjustice.org.za,rights,2006,unknown,USD 10M,individuals;foundations;corporate,online-donation,South Africa gender justice,
0908,ARROW,Malaysia,https://www.arrow.org.my,rights,1993,unknown,USD 5M,individuals;foundations,online-donation,Asian reproductive health,
0909,Asian Pacific Institute on Gender-Based Violence,USA,https://www.api-gbv.org,rights,1989,unknown,USD 5M,individuals;foundations,online-donation,Asian Pacific GBV,
0910,Ipas,USA,https://www.ipas.org,health,1973,unknown,USD 100M,individuals;foundations;government,online-donation,abortion access + rights,
0911,Centre for Reproductive Rights,USA,https://www.reproductiverights.org,rights,1992,unknown,USD 30M,individuals;foundations,online-donation,reproductive legal rights,
0912,Maternity Worldwide,UK,https://www.maternityworldwide.org,health,2002,unknown,USD 5M,individuals;foundations,online-donation,UK maternal health,
0913,Circle of Health International,USA,https://www.cohintl.org,health,1997,unknown,USD 5M,individuals;foundations,online-donation,women's health global,
0914,WINGS,Guatemala,https://www.wingsguate.org,health,1999,unknown,USD 5M,individuals;foundations,online-donation,Guatemalan reproductive health,
0915,Profamilia,Colombia,https://www.profamilia.org.co,health,1975,unknown,USD 20M,individuals;foundations;government,online-donation,Colombian reproductive health,
0916,MIFamilia,Nicaragua,https://www.mifamilia.org.ni,health,1984,unknown,USD 2M,individuals;foundations,online-donation,Nicaraguan reproductive health,
0917,PROMSEX,Peru,https://www.promsex.org,rights,2001,unknown,USD 5M,individuals;foundations,online-donation,Peruvian sexual rights,
0918,Católicas por el Derecho a Decidir,Latin America,https://www.cddh.org,rights,1995,unknown,USD 5M,individuals;foundations,online-donation,Catholic for choice LatAm,
0919,International Women's Health Coalition,USA,https://www.iwhc.org,rights,1984,unknown,USD 10M,individuals;foundations,online-donation,women's health global,
0920,Center for Reproductive Rights,USA,https://www.reproductiverights.org,rights,1992,unknown,USD 30M,individuals;foundations,online-donation,reproductive legal rights,
0921,Guttmacher Institute,USA,https://www.guttmacher.org,rights,1968,unknown,USD 50M,foundations;government,online-donation,reproductive health research,
0922,Planned Parenthood Global,USA,https://www.plannedparenthood.org,rights,1916,unknown,USD 500M,individuals;foundations,online-donation;recurring-giving,PP global,
0923,EngenderHealth,USA,https://www.engenderhealth.org,rights,1943,unknown,USD 50M,foundations;government,online-donation,reproductive health global,
0924,Pathfinder International,USA,https://www.pathfinder.org,rights,1957,unknown,USD 100M,foundations;government,online-donation,reproductive health global,
0925,FHI 360,USA,https://www.fhi360.org,rights,1971,unknown,USD 1B,foundations;government,online-donation,global health + dev,
0926,IntraHealth International,USA,https://www.intrahealth.org,health,1979,unknown,USD 100M,foundations;government,online-donation,health workforce global,
0927,PSI (Population Services International),USA,https://www.psi.org,health,1970,unknown,USD 500M,foundations;government,online-donation,health social marketing global,
0928,Jhpiego,USA,https://www.jhpiego.org,health,1974,unknown,USD 500M,foundations;government,online-donation,health workforce global,
0929,IntraHealth,USA,https://www.intrahealth.org,health,1979,unknown,USD 100M,foundations;government,online-donation,health workforce,
0930,BRAC,Bangladesh,https://www.brac.net,rights,1972,unknown,USD 1B,foundations;government;earned-income,online-donation,largest NGO globally,
0931,BRAC International,Bangladesh,https://www.bracinternational.org,rights,2000,unknown,USD 200M,foundations;government,online-donation,BRAC global,
0932,BRAC Education,Bangladesh,https://www.brac.net/program/education,education,1985,unknown,USD 200M,foundations;government,online-donation,BRAC schools,
0933,BRAC Healthcare,Bangladesh,https://www.brac.net/program/health,health,1972,unknown,USD 100M,foundations;government,online-donation,BRAC health,
0934,BRAC Microfinance,Bangladesh,https://www.brac.net/program/microfinance,rights,1974,unknown,USD 500M,earned-income,online-donation,BRAC microfinance,
0935,BRAC Social Enterprises,Bangladesh,https://www.brac.net/program/social-enterprises,rights,2000,unknown,USD 200M,earned-income,online-donation,BRAC social enterprises,
0936,BRAC Climate,Bangladesh,https://www.brac.net/program/climate,rights,2010,unknown,USD 50M,foundations;government,online-donation,BRAC climate,
0937,Grameen Bank,Bangladesh,https://www.grameen.com,rights,1983,unknown,USD 2B,earned-income,online-donation,microfinance Nobel Yunus,
0938,BRAC USA,USA,https://www.bracusa.org,rights,2005,unknown,USD 30M,individuals;foundations;corporate,online-donation,BRAC US chapter,
0939,BRAC UK,UK,https://www.bracuk.org,rights,2005,unknown,USD 10M,individuals;foundations,online-donation,BRAC UK chapter,
